ลำดับ,รายชื่อสถานประกอบการ,หลักสูตร,จังหวัดที่ตั้ง
149.0,"Courtyard by Marriott Phuket, Patong Beach Resort",ท่องเที่ยว,โปรดค้นหา
150.0,Melia Hanoi Hotel,ท่องเที่ยว,โปรดค้นหา
151.0,Pullman Kuala Lumpur Bangsar Hotel,ท่องเที่ยว,โปรดค้นหา
152.0,กองบังคับการตำรวจท่องเที่ยว 3,ท่องเที่ยว,โปรดค้นหา
153.0,การท่องเที่ยวแห่งประเทศไทย สำนักงานนครศรีธรรมราช,ท่องเที่ยว,นครศรีธรรมราช
154.0,การท่องเที่ยวแห่งประเทศไทย สำนักงานน่าน,ท่องเที่ยว,น่าน
155.0,คอร์ทยาร์ด บาย แมริออท ภูเก็ตทาวน์,ท่องเที่ยว,ภูเก็ต
156.0,ท่าอากาศยานนครศรีธรรมราช,ท่องเที่ยว,นครศรีธรรมราช
157.0,ท่าอากาศยานนานาชาติสมุย,ท่องเที่ยว,โปรดค้นหา
158.0,นครศรีสเตชั่น ดอทคอม,ท่องเที่ยว,โปรดค้นหา
159.0,นาวากีเทล ดีไซน์ โฮเทล,ท่องเที่ยว,โปรดค้นหา
160.0,บริษัท การบินกรุงเทพ จำกัด,ท่องเที่ยว,โปรดค้นหา
161.0,บริษัท ท่าอากาศยานไทย จำกัด (มหาชน) ท่าอากาศยานภูเก็ต,ท่องเที่ยว,ภูเก็ต
162.0,บริษัท ท่าอากาศยานไทย จำกัด (มหาชน) ท่าอากาศยานหาดใหญ่,ท่องเที่ยว,โปรดค้นหา
163.0,บริษัท ไทย ไลอ้อน เมนทารี จำกัด จังหวัดสงขลา,ท่องเที่ยว,สงขลา
164.0,บริษัท ไทยมารีน เอ็กซ์คลูซีฟ โวยาจ จำกัด,ท่องเที่ยว,โปรดค้นหา
165.0,บริษัท นิกรมารีน จำกัด,ท่องเที่ยว,โปรดค้นหา
166.0,บริษัท บ้านมัคคุเทศก์ จำกัด,ท่องเที่ยว,โปรดค้นหา
167.0,บริษัท แปซิฟิค เวิลด์ มีตติ้งส์ แอนด์ อีเว้นท์ส (ประเทศไทย) จำกัด จังหวัดภูเก็ต,ท่องเที่ยว,ภูเก็ต
168.0,บริษัท พัทยา เอวิเอชั่น จำกัด,ท่องเที่ยว,โปรดค้นหา
169.0,บริษัท ฟรีดอม ดอลฟิน ไดฟ์วิ่ง จำกัด,ท่องเที่ยว,โปรดค้นหา
170.0,บริษัท โลเคิล อไลค์ จำกัด,ท่องเที่ยว,โปรดค้นหา
171.0,บริษัท สกายเวิลด์ แอดเวนเจอร์ จำกัด,ท่องเที่ยว,โปรดค้นหา
172.0,บริษัท เอเลเฟนท์ ฮิลล์ จำกัด,ท่องเที่ยว,โปรดค้นหา
173.0,โรงแรม เขาหลัก แมริออท รีสอร์ท แอนด์ สปา,ท่องเที่ยว,โปรดค้นหา
174.0,โรงแรม คอนราด เกาะสมุย รีสอร์ท แอนด์ สปา,ท่องเที่ยว,โปรดค้นหา
175.0,โรงแรม คามาลายา จำกัด,ท่องเที่ยว,โปรดค้นหา
176.0,โรงแรม คิมป์ตัน คีตาเล สมุย,ท่องเที่ยว,โปรดค้นหา
177.0,โรงแรม โคโม่ พ้อยท์ ยามู,ท่องเที่ยว,โปรดค้นหา
178.0,โรงแรม เจดับบลิว แมริออท เขาหลัก รีสอร์ท แอนด์ สปา,ท่องเที่ยว,โปรดค้นหา
179.0,โรงแรม ชาเทรียม กรุงเทพ,ท่องเที่ยว,โปรดค้นหา
180.0,โรงแรม เชอราตัน สมุย รีสอร์ท,ท่องเที่ยว,โปรดค้นหา
181.0,โรงแรม แชงกรีล่า เชียงใหม่,ท่องเที่ยว,เชียงใหม่
182.0,โรงแรม ซิกเซ้นส์ สมุย,ท่องเที่ยว,โปรดค้นหา
183.0,โรงแรม ซิกส์เซนเซส เกาะยาวน้อย,ท่องเที่ยว,โปรดค้นหา
184.0,โรงแรม เซ็นทารา รีเซิร์ฟ สมุย,ท่องเที่ยว,โปรดค้นหา
185.0,โรงแรม เซ็นทารา วิลล่า สมุย,ท่องเที่ยว,โปรดค้นหา
186.0,โรงแรม เซ็นทารา อ่าวนาง บีช รีสอร์ท แอนด์ สปา กระบี่,ท่องเที่ยว,กระบี่
187.0,โรงแรม โซ แบงคอก,ท่องเที่ยว,โปรดค้นหา
188.0,โรงแรม ดับเบิ้ลยู เกาะสมุย,ท่องเที่ยว,โปรดค้นหา
189.0,โรงแรม ดุสิต ดีทู อ่าวนาง กระบี,ท่องเที่ยว,โปรดค้นหา
190.0,โรงแรม ดุสิตธานี กระบี่บีชรีสอร์ท,ท่องเที่ยว,กระบี่
191.0,โรงแรม ดุสิตธานี ลากูน่า ภูเก็ต,ท่องเที่ยว,ภูเก็ต
192.0,โรงแรม ดุสิตธานี หัวหิน,ท่องเที่ยว,โปรดค้นหา
193.0,โรงแรม เดอะ ริทซ์-คาร์ลตัน เกาะสมุย,ท่องเที่ยว,โปรดค้นหา
194.0,โรงแรม เดอะ เวสทิน สิเหร่ เบย์ รีสอร์ท แอนด์ สปา ภูเก็ต,ท่องเที่ยว,ภูเก็ต
195.0,โรงแรม เดอะนาคาไอแลนด์ อะลักชัวรี่ คอลเลคชั่น รีสอร์ท แอนด์ สปา ภูเก็ต,ท่องเที่ยว,ภูเก็ต
196.0,โรงแรม ตรีสรา,ท่องเที่ยว,โปรดค้นหา
197.0,โรงแรม ทวินปาล์ม ภูเก็ต,ท่องเที่ยว,ภูเก็ต
198.0,โรงแรม โนราบีช รีสอร์ท แอนด์ สปา,ท่องเที่ยว,โปรดค้นหา
199.0,โรงแรม บันยันทรี กระบี่,ท่องเที่ยว,กระบี่
200.0,โรงแรม บันยันทรี เกาะสมุย,ท่องเที่ยว,โปรดค้นหา
201.0,โรงแรม แบงค็อก แมริออท มาร์คีส์ ควีนส์ปาร์ค,ท่องเที่ยว,โปรดค้นหา
202.0,โรงแรม ปานวิมานเชียงใหม่ สปา รีสอร์ท,ท่องเที่ยว,เชียงใหม่
203.0,โรงแรม พาร์ค ไฮแอท กรุงเทพ,ท่องเที่ยว,โปรดค้นหา
204.0,โรงแรม พิมาลัย รีสอร์ท แอนด์ สปา,ท่องเที่ยว,โปรดค้นหา
205.0,โรงแรม พี พี เอราวัณ ปาล์ม รีสอร์ท,ท่องเที่ยว,โปรดค้นหา
206.0,โรงแรม โฟร์ซีซั่นส์ รีสอร์ท เกาะสมุย,ท่องเที่ยว,โปรดค้นหา
207.0,โรงแรม โฟร์พ้อยท์ บาย เชอราตัน ภูเก็ต ป่าตองบีช รีสอร์ท,ท่องเที่ยว,ภูเก็ต
208.0,โรงแรม ภูเก็ต แมริออท รีสอร์ท แอนด์ สปา ในยางบีช,ท่องเที่ยว,ภูเก็ต
209.0,"โรงแรม ภูเก็ตแมริออท รีสอร์ท แอนด์ สปา, เมอร์ลิน บีช",ท่องเที่ยว,ภูเก็ต
210.0,โรงแรม มีเลีย เกาะสมุย,ท่องเที่ยว,โปรดค้นหา
211.0,โรงแรม รอยัล ออคิด เชอราตัน,ท่องเที่ยว,โปรดค้นหา
212.0,โรงแรม รายาวดี,ท่องเที่ยว,โปรดค้นหา
213.0,โรงแรม เรเนอซองส์ ภูเก็ต รีสอร์ท แอนด์ สปา,ท่องเที่ยว,ภูเก็ต
214.0,โรงแรม โรสวูด ภูเก็ต,ท่องเที่ยว,ภูเก็ต
215.0,โรงแรม เลอ เมอริเดียน เขาหลัก,ท่องเที่ยว,โปรดค้นหา
216.0,โรงแรม เลอ เมอริเดียน ภูเก็ต บีช รีสอร์ท,ท่องเที่ยว,ภูเก็ต
217.0,โรงแรม วนาเบล อะ ลักซูรี่ คอลเล็คชั่น รีสอร์ท เกาะสมุย,ท่องเที่ยว,โปรดค้นหา
218.0,โรงแรม วี วิลล่า ภูเก็ต,ท่องเที่ยว,ภูเก็ต
219.0,โรงแรม ศิลาวดี พูล สปา แอนด์ รีสอร์ท,ท่องเที่ยว,โปรดค้นหา
220.0,โรงแรม สยาม แอ็ท สยาม,ท่องเที่ยว,โปรดค้นหา
221.0,โรงแรม สันติบุรี บีช รีสอร์ท แอนด์ สปา,ท่องเที่ยว,โปรดค้นหา
222.0,โรงแรม อนันตรา บ่อผุด รีสอร์ท แอนด์ สปา เกาะสมุย,ท่องเที่ยว,โปรดค้นหา
223.0,โรงแรม อนันตรา ไม้ขาว ภูเก็ต วิลล่า,ท่องเที่ยว,ภูเก็ต
224.0,โรงแรม อนันตรา ลายัน ภูเก็ต รีสอร์ท,ท่องเที่ยว,ภูเก็ต
225.0,โรงแรม อนันตรา ลาวาณา เกาะสมุย รีสอร์ท,ท่องเที่ยว,โปรดค้นหา
226.0,โรงแรม อวานี เฉวง สมุย โฮเทล แอนด์ บีชคลับ,ท่องเที่ยว,โปรดค้นหา
227.0,โรงแรม อังสนา ลากูน่า ภูเก็ต,ท่องเที่ยว,ภูเก็ต
228.0,โรงแรม อินดิโก้ ภูเก็ต ป่าตอง,ท่องเที่ยว,ภูเก็ต
229.0,โรงแรม อินเตอร์คอนติเนนตัล กรุงเทพ,ท่องเที่ยว,โปรดค้นหา
230.0,โรงแรม เอ็นเอช โบ๊ทลากูน ภูเก็ต รีสอร์ท,ท่องเที่ยว,ภูเก็ต
231.0,โรงแรม ไอดีลลิค คอนเซปต์ รีสอร์ท เกาะหลีเป๊ะ,ท่องเที่ยว,โปรดค้นหา
232.0,โรงแรม ฮอลิเดย์ อินน์ รีสอร์ท กระบี่ อ่าวนางบีช,ท่องเที่ยว,กระบี่
233.0,โรงแรม ฮอลิเดย์ อินน์ สมุย บ่อผุด,ท่องเที่ยว,โปรดค้นหา
234.0,โรงแรม ไฮแอท รีเจนซี่ เกาะสมุย,ท่องเที่ยว,โปรดค้นหา
235.0,โรงแรมพูลแมน ภูเก็ต พันวาบีช รีสอร์ท,ท่องเที่ยว,ภูเก็ต
236.0,โรงแรมรายาวดี,ท่องเที่ยว,โปรดค้นหา
237.0,โรงแรมศรีพันวา ภูเก็ต,ท่องเที่ยว,ภูเก็ต
238.0,โรงแรมอมัน นายเลิศ กรุงเทพฯ,ท่องเที่ยว,โปรดค้นหา
239.0,โรงแรมอมันปุรี รีสอร์ท,ท่องเที่ยว,โปรดค้นหา
240.0,โรงแรมอมารี ภูเก็ต,ท่องเที่ยว,ภูเก็ต
241.0,โรงแรมอวานีพลัส สมุย รีสอร์ท,ท่องเที่ยว,โปรดค้นหา
242.0,โรงแรมอินเตอร์คอนติเนนตัล เกาะสมุย รีสอร์ท,ท่องเที่ยว,โปรดค้นหา
243.0,สถานีตำรวจท่องเที่ยว 1 กองกำกับการ 2 กองบังคับการตำรวจท่องเที่ยว 3,ท่องเที่ยว,โปรดค้นหา
244.0,สถานีตำรวจท่องเที่ยว 4 กองกำกับการ 2 กองบังคับการตำรวจท่องเที่ยว 3,ท่องเที่ยว,โปรดค้นหา
245.0,สวนพฤกษศาสตร์สมเด็จพระนางเจ้าสิริกิติ์ องค์การสวนพฤกษศาสตร์,ท่องเที่ยว,โปรดค้นหา
246.0,สำนักงานปลัดกระทรวงการท่องเที่ยวและกีฬา,ท่องเที่ยว,โปรดค้นหา
247.0,สำนักวัฒนธรรม กีฬา และการท่องเที่ยว กรุงเทพมหานคร,ท่องเที่ยว,กรุงเทพมหานคร
248.0,องค์การบริหารการพัฒนาพื้นที่พิเศษเพื่อการท่องเที่ยวอย่างยั่งยืน (องค์การมหาชน) อพท.,ท่องเที่ยว,โปรดค้นหา
249.0,องค์การบริหารส่วนจังหวัดนครศรีธรรมราช,ท่องเที่ยว,นครศรีธรรมราช
250.0,องค์การบริหารส่วนจังหวัดสุราษฎร์ธานี,ท่องเที่ยว,สุราษฎร์ธานี
251.0,อวานี พลัส เขาหลัก,ท่องเที่ยว,โปรดค้นหา
252.0,ศูนย์สหกิจศึกษาและพัฒนาอาชีพ ม.วลัยลักษณ์ ,ท่องเที่ยว,โปรดค้นหา
253.0,โรงแรม ทวินปาล์มส์ ภูเก็ต,ท่องเที่ยว,ภูเก็ต
254.0,Hungkuang University,ท่องเที่ยว,โปรดค้นหา
255.0,National Kaohsiung University of Hospitality and Tourism,ท่องเที่ยว,โปรดค้นหา
256.0,บริษัท ฟรีดอม ดอลฟิน จำกัด,ท่องเที่ยว,โปรดค้นหา
416.0,บริษัท ขอบสนาม จำกัด,นิเทศศาตร์,โปรดค้นหา
417.0,บริษัท เคเท็นโกลบอลคอนเทนต์ จำกัด,นิเทศศาตร์,โปรดค้นหา
418.0,บริษัท จีเอ็มเอ็ม โอ ช้อปปิ้ง จำกัด,นิเทศศาตร์,โปรดค้นหา
419.0,บริษัท เช็ค แอนด์ โชว์ จำกัด,นิเทศศาตร์,โปรดค้นหา
420.0,บริษัท เซ้นส์ เอนเตอร์เทนเมนท์ จำกัด,นิเทศศาตร์,โปรดค้นหา
421.0,บริษัท ดิ วันโอวัน เปอร์เซนต์ จำกัด,นิเทศศาตร์,โปรดค้นหา
422.0,บริษัท ทริปเปิล วี บรอดคาสท์ จำกัด,นิเทศศาตร์,โปรดค้นหา
423.0,บริษัท ทิปปิ้ง พ้อยท์ โซลูชั่น จำกัด,นิเทศศาตร์,โปรดค้นหา
424.0,บริษัท นัมเบอร์วันแลนด์ จำกัด,นิเทศศาตร์,โปรดค้นหา
425.0,บริษัท บางกอก มีเดีย แอนด์ บรอดคาสติ้ง จำกัด (PPTV HD ช่อง 36),นิเทศศาตร์,โปรดค้นหา
426.0,บริษัท บางกอก เว็บ โซลูชั่น จำกัด,นิเทศศาตร์,โปรดค้นหา
427.0,บริษัท บางกอกเอ็นเตอร์เทนเมนท์ จำกัด (ไทยทีวีสีช่อง 3 ฝ่ายข่าว),นิเทศศาตร์,โปรดค้นหา
428.0,บริษัท บีอีซี-เทโร เอ็นเตอร์เทนเม้นท์ จำกัด (มหาชน) ฝ่ายผลิตรายการโทรทัศน์,นิเทศศาตร์,โปรดค้นหา
429.0,บริษัท บุ๊คสเคป จำกัด,นิเทศศาตร์,โปรดค้นหา
430.0,บริษัท ประกิต โฮลดิ้งส์ จํากัด,นิเทศศาตร์,โปรดค้นหา
431.0,บริษัท ปรากฏการณ์ดี จำกัด,นิเทศศาตร์,โปรดค้นหา
432.0,บริษัท พาราดิซัล มีเดีย จำกัด,นิเทศศาตร์,โปรดค้นหา
433.0,บริษัท พินปังก์ จำกัด,นิเทศศาตร์,โปรดค้นหา
434.0,บริษัท ม็อกกิ้งเบิร์ด จำกัด,นิเทศศาตร์,โปรดค้นหา
435.0,บริษัท มาร์เก็ตเธียร์ จำกัด,นิเทศศาตร์,โปรดค้นหา
436.0,บริษัท มุมใหม่ จำกัด,นิเทศศาตร์,โปรดค้นหา
437.0,บริษัท วงใน มีเดีย จำกัด,นิเทศศาตร์,โปรดค้นหา
438.0,บริษัท วงใน มีเดีย จำกัด สาขาหาดใหญ่,นิเทศศาตร์,โปรดค้นหา
439.0,บริษัท สองมือโปรดักชั่น จำกัด,นิเทศศาตร์,โปรดค้นหา
440.0,บริษัท อีเวนต์แฟลร์ จำกัด,นิเทศศาตร์,โปรดค้นหา
441.0,โรงพยาบาลพญาไท 2,นิเทศศาตร์,โปรดค้นหา
442.0,โรงพยาบาลศูนย์การแพทย์มหาวิทยาลัยวลัยลักษณ์,นิเทศศาตร์,โปรดค้นหา
443.0,สถานีวิทยุโทรทัศน์แห่งประเทศไทย จังหวัดภูเก็ต,นิเทศศาตร์,ภูเก็ต
444.0,สถานีวิทยุโทรทัศน์แห่งประเทศไทย ช่อง 11 จังหวัดนครศรีธรรมราช,นิเทศศาตร์,นครศรีธรรมราช
445.0,สำนักงานประชาสัมพันธ์จังหวัดเชียงใหม่,นิเทศศาตร์,เชียงใหม่
446.0,สำนักงานประชาสัมพันธ์จังหวัดภูเก็ต,นิเทศศาตร์,ภูเก็ต
447.0,องค์การกระจายเสียงและแพร่ภาพสาธารณะแห่งประเทศไทย,นิเทศศาตร์,แพร่
448.0,บริษัท เซ็นทรัลพัฒนา จำกัด (มหาชน) สาขานครศรีธรรมราช,นิเทศศาตร์,นครศรีธรรมราช
449.0,บริษัท มติชน จำกัด (มหาชน),นิเทศศาตร์,โปรดค้นหา
450.0,บริษัท เวิร์คพอยท์ เอ็นเทอร์เทนเมนท์ จำกัด (มหาชน),นิเทศศาตร์,โปรดค้นหา
451.0,บริษัท ลากูน่า บันยันทรี จำกัด,นิเทศศาตร์,โปรดค้นหา
452.0,บริษัท ทีวีพูล จำกัด,นิเทศศาตร์,โปรดค้นหา
453.0,บริษัท อาร์วายไอไอไอ จำกัด,นิเทศศาตร์,โปรดค้นหา
454.0,สโมสรฟุตบอล นครราชสีมา มาสด้า เอฟซี,นิเทศศาตร์,นครราชสีมา
455.0,กองกิจการพลเรือน กองทัพภาคที่ 4 ค่ายวชิราวุธ,นิเทศศาตร์,โปรดค้นหา
456.0,เซ็นทรัล เฟสติวัล สมุย,นิเทศศาตร์,โปรดค้นหา
457.0,บริษัท จัดหางาน จ๊อบบีเคเค ดอท คอม จำกัด สาขานครศรีธรรมราช,นิเทศศาตร์,นครศรีธรรมราช
458.0,สำนักประชาสัมพันธ์เขต 6 กรมประชาสัมพันธ์,นิเทศศาตร์,โปรดค้นหา
459.0,บริษัท ยานแม่ จำกัด,นิเทศศาตร์,โปรดค้นหา
460.0,สถานีโทรทัศน์แห่งประเทศไทย จังหวัดสุราษฎร์ธานี,นิเทศศาตร์,สุราษฎร์ธานี
461.0,สถานีวิทยุกระจายเสียงแห่งประเทศไทย จังหวัดสงขลา,นิเทศศาตร์,สงขลา
462.0,บริษัท ทอล์ค ออฟ เดอะ ทาวน์ โปรเจค จำกัด,นิเทศศาตร์,โปรดค้นหา
463.0,บริษัท เซ้นส์ มอร์ คอร์ปอเรชั่น จำกัด,นิเทศศาตร์,โปรดค้นหา
464.0,สถานีวิทยุโทรทัศน์แห่งประเทศไทย,นิเทศศาตร์,โปรดค้นหา
465.0,สำนักงานประชาสัมพันธ์จังหวัดนครศรีธรรมราช,นิเทศศาตร์,นครศรีธรรมราช
466.0,บริษัท บุญมีฤทธิ์ มีเดีย จำกัด,นิเทศศาตร์,โปรดค้นหา
467.0,บริษัท เตชภัช จำกัด (Elite Event Thailand),นิเทศศาตร์,โปรดค้นหา
468.0,บริษัท ที-เรค เอ็นเตอร์เทนเมนท์ จำกัด,นิเทศศาตร์,โปรดค้นหา
469.0,ห้างหุ้นส่วนจำกัด บลิส อีเวนส์ (ไทยแลนด์) เกาะสมุย,นิเทศศาตร์,โปรดค้นหา
470.0,อ้าปากค้างสตูดิโอ,นิเทศศาตร์,โปรดค้นหา
471.0,กองกิจการพลเรือน กองทัพภาคที่ 4 ค่ายวชิราวุธ,นิเทศศาตร์,โปรดค้นหา
472.0,การท่องเที่ยวแห่งประเทศไทย สำนักงานนครศรีธรรมราช,นิเทศศาตร์,นครศรีธรรมราช
473.0,เซ็นทรัล เฟสติวัล สมุย,นิเทศศาตร์,โปรดค้นหา
474.0,บริษัท จินเล่อ มีเดีย เวิร์ค จำกัด,นิเทศศาตร์,โปรดค้นหา
475.0,บริษัท ไทย บรอดคาสติ้ง จำกัด,นิเทศศาตร์,โปรดค้นหา
476.0,บริษัท แพลน บี อีเลฟเว้น จำกัด,นิเทศศาตร์,โปรดค้นหา
477.0,สถานีโทรทัศน์เพื่อการท่องเที่ยวและกีฬา (T-Sport 7),นิเทศศาตร์,โปรดค้นหา
478.0,Harian Disway,นิเทศศาตร์,โปรดค้นหา
479.0,RheinMain University of Applied Sciences,นิเทศศาตร์,โปรดค้นหา
617.0,โรงแรม คาเพลล่า แบงค็อก,โปรเชฟ,โปรดค้นหา
618.0,โรงแรม เจดับบลิว แมริออท ภูเก็ต รีสอร์ท แอนด์ สปา,โปรเชฟ,ภูเก็ต
619.0,โรงแรม เซ็นทารา อ่าวนาง บีช รีสอร์ท แอนด์ สปา กระบี่,โปรเชฟ,กระบี่
620.0,โรงแรม เดอะ นาคา ไอแลนด์ อะลักชัวรี่ คอลเลคชั่น รีสอร์ท แอนด์ สปา ภูเก็ต,โปรเชฟ,ภูเก็ต
621.0,โรงแรม บันยันทรี ภูเก็ต,โปรเชฟ,ภูเก็ต
622.0,โรงแรม พาร์ค ไฮแอท กรุงเทพ,โปรเชฟ,โปรดค้นหา
623.0,โรงแรม พูลแมน ภูเก็ต อาเคเดีย ในทอน บีช,โปรเชฟ,ภูเก็ต
624.0,โรงแรม โฟร์ซีซั่นส์ รีสอร์ท เกาะสมุย,โปรเชฟ,โปรดค้นหา
625.0,โรงแรม โฟร์พ้อยท์ส บาย เชอราตัน ภูเก็ต ป่าตองบีช รีสอร์ท,โปรเชฟ,ภูเก็ต
626.0,"โรงแรม ภูเก็ตแมริออท รีสอร์ท แอนด์ สปา, เมอร์ลิน บีช",โปรเชฟ,ภูเก็ต
627.0,โรงแรม โรสวูด ภูเก็ต,โปรเชฟ,ภูเก็ต
628.0,โรงแรม วนาเบล อะ ลักซูรี่ คอลเล็คชั่น รีสอร์ท เกาะสมุย,โปรเชฟ,โปรดค้นหา
629.0,โรงแรม วี วิลล่า ภูเก็ต,โปรเชฟ,ภูเก็ต
630.0,โรงแรม ศรีพันวา ภูเก็ต,โปรเชฟ,ภูเก็ต
631.0,โรงแรม อนันตรา ลายัน ภูเก็ต รีสอร์ท,โปรเชฟ,ภูเก็ต
632.0,โรงแรม อัล มีรอซ กรุงเทพ,โปรเชฟ,โปรดค้นหา
633.0,โรงแรม อินเตอร์คอนติเนนตัล ภูเก็ต กมลา บีช รีสอร์ท,โปรเชฟ,ภูเก็ต
634.0,โรงแรม ไฮแอท รีเจนซี่ เกาะสมุย,โปรเชฟ,โปรดค้นหา
635.0,โรงแรมดุสิตธานี ลากูน่า ภูเก็ต,โปรเชฟ,ภูเก็ต
636.0,โรงแรมเลอ เมอริเดียน ภูเก็ต บีช รีสอร์ท,โปรเชฟ,ภูเก็ต
637.0,โรงแรมฮอลิเดย์ อินน์ รีสอร์ท ภูเก็ต,โปรเชฟ,ภูเก็ต
638.0,โรงแรมตรีสรา ภูเก็ต,โปรเชฟ,ภูเก็ต
639.0,โรงแรม ภูเก็ต แมริออท รีสอร์ท แอนด์ สปา ในยางบีช,โปรเชฟ,ภูเก็ต
640.0,โรงแรม เรเนอซองส์ ภูเก็ต รีสอร์ท แอนด์ สปา,โปรเชฟ,ภูเก็ต
641.0,โรงแรมอมันปุรี รีสอร์ท,โปรเชฟ,โปรดค้นหา
642.0,Central Retail Corporation (CRC Talent Acquisition),โปรเชฟ,โปรดค้นหา
643.0,บริษัท ซีพีเอฟ ฟู้ด แอนด์ เบฟเวอร์เรจ จำกัด จังหวัดพระนครศรีอยุธยา,โปรเชฟ,พระนครศรีอยุธยา
644.0,โรงแรม เอาท์ริกเกอร์ สุรินทร์บีช รีสอร์ท,โปรเชฟ,สุรินทร์
645.0,โรงแรมกะตะธานีภูเก็ตบีชรีสอร์ท,โปรเชฟ,ภูเก็ต
646.0,โรงแรม เลอ เมอริเดียน เขาหลัก รีสอร์ท แอนด์ สปา,โปรเชฟ,โปรดค้นหา
647.0,โรงแรมอนันตรา ไม้ขาว ภูเก็ต วิลล่า,โปรเชฟ,ภูเก็ต
648.0,โรงแรมเกาะยาวใหญ่วิลเลจ,โปรเชฟ,โปรดค้นหา
649.0,โรงแรม อนันตรา เกาะยาวใหญ่ รีสอร์ท,โปรเชฟ,โปรดค้นหา
650.0,โรงแรมพูลแมน ภูเก็ต พันวาบีช รีสอร์ท,โปรเชฟ,ภูเก็ต
651.0,โรงแรม เดอะ เวสทิน สิเหร่ เบย์ รีสอร์ท แอนด์ สปา ภูเก็ต,โปรเชฟ,ภูเก็ต
652.0,โรงแรม คอนราด เกาะสมุย รีสอร์ท แอนด์ สปา,โปรเชฟ,โปรดค้นหา
653.0,โรงแรม คามาลายา จำกัด,โปรเชฟ,โปรดค้นหา
654.0,โรงแรม คิมป์ตัน คีตาเล สมุย,โปรเชฟ,โปรดค้นหา
655.0,โรงแรม เชอราตัน สมุย รีสอร์ท,โปรเชฟ,โปรดค้นหา
656.0,โรงแรม ซิกเซ้นส์ สมุย,โปรเชฟ,โปรดค้นหา
657.0,โรงแรม ดับเบิ้ลยู เกาะสมุย,โปรเชฟ,โปรดค้นหา
658.0,โรงแรม เดอะ ริทซ์-คาร์ลตัน เกาะสมุย,โปรเชฟ,โปรดค้นหา
659.0,โรงแรม บันยันทรี กระบี่,โปรเชฟ,กระบี่
660.0,โรงแรม บันยันทรี เกาะสมุย,โปรเชฟ,โปรดค้นหา
661.0,โรงแรม ศาลาสมุย เชิงมน บีช,โปรเชฟ,โปรดค้นหา
662.0,โรงแรม ศิลาวดี พูล สปา แอนด์ รีสอร์ท,โปรเชฟ,โปรดค้นหา
663.0,โรงแรม อนันตรา บ่อผุด รีสอร์ท แอนด์ สปา เกาะสมุย,โปรเชฟ,โปรดค้นหา
664.0,โรงแรม อนันตรา ลาวาณา เกาะสมุย รีสอร์ท,โปรเชฟ,โปรดค้นหา
665.0,โรงแรม อินดิโก้ ภูเก็ต ป่าตอง,โปรเชฟ,ภูเก็ต
666.0,โรงแรม ฮอลิเดย์ อินน์ รีสอร์ท ภูเก็ต ไม้ขาวบีช,โปรเชฟ,ภูเก็ต
667.0,โรงแรม คลับเมด ภูเก็ต,โปรเชฟ,ภูเก็ต
668.0,อวานี พลัส เขาหลัก,โปรเชฟ,โปรดค้นหา
669.0,"Courtyard by Marriott Phuket, Patong Beach Resort",โปรเชฟ,โปรดค้นหา
670.0,โรงแรม คิมป์ตัน มาลัย กรุงเทพ,โปรเชฟ,โปรดค้นหา
671.0,โรงแรม ฮอลิเดย์ อินน์ วานา นาวา หัวหิน,โปรเชฟ,โปรดค้นหา
672.0,Day and Night @ Nakhon Si Thammarat,โปรเชฟ,โปรดค้นหา
673.0,โรงแรมโนราบุรี รีสอร์ท แอนด์ สปา,โปรเชฟ,โปรดค้นหา
674.0,โรงแรม โนราบีช รีสอร์ท แอนด์ สปา,โปรเชฟ,โปรดค้นหา
675.0,โรงแรมทวินโลตัส,โปรเชฟ,โปรดค้นหา
676.0,โรงแรมแกรนด์ ฟอร์จูน นครศรีธรรมราช,โปรเชฟ,นครศรีธรรมราช
677.0,โรงแรม เขาหลัก แมริออท รีสอร์ท แอนด์ สปา,โปรเชฟ,โปรดค้นหา
678.0,โรงแรมอวานีพลัส สมุย รีสอร์ท,โปรเชฟ,โปรดค้นหา
679.0,โรงแรมอินเตอร์คอนติเนนตัล เกาะสมุย รีสอร์ท,โปรเชฟ,โปรดค้นหา
680.0,โรงแรม รอยัล ออคิด เชอราตัน โฮเทล แอนด์ ทาวเวอร์,โปรเชฟ,โปรดค้นหา
681.0,โรงแรม สยาม แอ็ท สยาม,โปรเชฟ,โปรดค้นหา
682.0,โรงแรมเมอเวนพิค มิธ โฮเทล ป่าตอง ภูเก็ต,โปรเชฟ,ภูเก็ต
683.0,Pala Café' Pizza & Pasta ,โปรเชฟ,โปรดค้นหา
684.0,ศูนย์ปฏิบัติการอาหารวลัยลักษณ์,โปรเชฟ,โปรดค้นหา
685.0,โรงแรม ทวินปาล์มส์ ภูเก็ต,โปรเชฟ,ภูเก็ต
686.0,โรงแรม พิมาลัย รีสอร์ท แอนด์ สปา,โปรเชฟ,โปรดค้นหา
687.0,โรงแรมกีมาลา,โปรเชฟ,โปรดค้นหา
688.0,โรงแรม วี กรุงเทพ โฮเทล,โปรเชฟ,โปรดค้นหา
689.0, โรงแรมโรสวูด กรุงเทพ,โปรเชฟ,โปรดค้นหา
690.0,โรงแรมอมัน นายเลิศ กรุงเทพฯ,โปรเชฟ,โปรดค้นหา
691.0,โรงแรมบันยันทรี กรุงเทพ,โปรเชฟ,โปรดค้นหา
692.0,โรงแรม แบงค็อก แมริออท มาร์คีส์ ควีนส์ปาร์ค,โปรเชฟ,โปรดค้นหา
693.0,โรงแรม เจดับบลิว แมริออท เขาหลัก รีสอร์ท แอนด์ สปา,โปรเชฟ,โปรดค้นหา
694.0,โรงแรม ดินสอ รีสอร์ต แอนด์ วิลล่า ภูเก็ต,โปรเชฟ,ภูเก็ต
695.0,โรงแรม เซเร็นดิพิตี้ บีช รีสอร์ท เกาะหลีเป๊ะ,โปรเชฟ,โปรดค้นหา
696.0,โรงแรมสยาม เคมปินสกี้ กรุงเทพ,โปรเชฟ,โปรดค้นหา
697.0,ร้านอาหารครัวปากพยิง,โปรเชฟ,โปรดค้นหา
698.0,บริษัท เซ็นทรัล รีเทล คอร์ปอเรชั่น จำกัด (มหาชน),โปรเชฟ,โปรดค้นหา
699.0,พาลา คาเฟ่ พิซซ่า แอนด์ พาสต้า,โปรเชฟ,โปรดค้นหา
700.0,โรงแรม คอร์ทยาร์ด บาย แมริออท ภูเก็ต ป่าตอง บีช รีสอร์ท,โปรเชฟ,ภูเก็ต
701.0,โรงแรม คาเพลล่า แบงค์คอก,โปรเชฟ,โปรดค้นหา
702.0,โรงแรม รอยัล ออคิด เชอราตัน ริเวอร์ไซด์ โฮเทล แบงค็อก,โปรเชฟ,โปรดค้นหา
703.0,โรงแรมโรสวูด ภูเก็ต,โปรเชฟ,ภูเก็ต
704.0,สาขาวิชาการท่องเที่ยวและโปรเชฟ สำนักวิชาการจัดการ มหาวิทยาลัยวลัยลักษณ์,โปรเชฟ,โปรดค้นหา
705.0,โรงแรม อนันตรา เกาะยาวใหญ่ รีสอร์ท แอนด์ วิลล่าส์,โปรเชฟ,โปรดค้นหา
706.0,โรงแรม อนันตรา เวเคชั่น คลับ ไม้ขาว ภูเก็ต,โปรเชฟ,ภูเก็ต
707.0,รงแรม เอ้าท์ริกเกอร์ สุรินทร์ บีช รีสอร์ท,โปรเชฟ,สุรินทร์
708.0,โรงแรม เอ้าท์ริกเกอร์ สุรินทร์ บีช รีสอร์ท,โปรเชฟ,สุรินทร์
709.0,ร้าน เดย์ แอนด์ ไนท์,โปรเชฟ,โปรดค้นหา
911.0,บริษัท เบทาโกร จำกัด (มหาชน),รปศ,โปรดค้นหา
912.0,บริษัท แปซิฟิคแปรรูปสัตว์น้ำ จำกัด,รปศ,โปรดค้นหา
913.0,บริษัท ลากูน่า เซอร์วิส จำกัด,รปศ,โปรดค้นหา
914.0,บริษัท หาดทิพย์ จำกัด (มหาชน) สาขาหาดใหญ่,รปศ,โปรดค้นหา
915.0,โรงพยาบาลราษฎร์ยินดี,รปศ,โปรดค้นหา
916.0,บริษัทการบินไทย จำกัด (มหาชน) ท่าอากาศยานนานาชาติภูเก็ต,รปศ,ภูเก็ต
917.0,บริษัท เจริญโภคภัณฑ์อาหาร จำกัด (มหาชน) สำนักสรรหาและคัดเลือกทรัพยากรบุคคล,รปศ,โปรดค้นหา
918.0,บริษัท ชัวร์เท็กซ์ จำกัด,รปศ,โปรดค้นหา
919.0,บริษัท ซีพี ออล์ จำกัด (มหาชน),รปศ,โปรดค้นหา
920.0,บริษัท ซีพีเอฟ (ประเทศไทย) จำกัด (มหาชน) โรงงานหนองจอก,รปศ,โปรดค้นหา
921.0,บริษัท ศรีตรัง แอโกรอินดัสทรี จำกัด (มหาชน),รปศ,ตรัง
922.0,บริษัท สงขลาแคนนิ่ง จำกัด (มหาชน),รปศ,สงขลา
923.0,โรงพยาบาลกรุงเทพสมุย,รปศ,โปรดค้นหา
924.0,การประปาส่วนภูมิภาค เขต 3,รปศ,โปรดค้นหา
925.0,ที่ทำการปกครองอำเภอเกาะสมุย,รปศ,โปรดค้นหา
926.0,สำนักงานเทศบาลเมืองกระบี่,รปศ,กระบี่
927.0,สำนักงานปลัดกระทรวงทรัพยากรธรรมชาติและสิ่งแวดล้อม,รปศ,โปรดค้นหา
928.0,สำนักงานพัฒนาสังคมและความมั่นคงของมนุษย์จังหวัดพัทลุง,รปศ,พัทลุง
929.0,สำนักงานพัฒนาสังคมและความมั่นคงของมนุษย์จังหวัดสงขลา,รปศ,สงขลา
930.0,สำนักงานพัฒนาสังคมและความมั่นคงของมนุษย์จังหวัดสุราษฎร์ธานี,รปศ,สุราษฎร์ธานี
931.0,สำนักงานศาลรัฐธรรมนูญ,รปศ,โปรดค้นหา
932.0,สำนักงานส่งเสริมการปกครองท้องถิ่นจังหวัดสุราษฎร์ธานี,รปศ,สุราษฎร์ธานี
933.0,องค์การบริหารส่วนจังหวัดกระบี่,รปศ,กระบี่
934.0,องค์การบริหารส่วนจังหวัดตรัง,รปศ,ตรัง
935.0,องค์การบริหารส่วนจังหวัดสตูล,รปศ,สตูล
936.0,เมืองพัทยา,รปศ,โปรดค้นหา
937.0,โรงแรม ไร่เลย์ วิลเลจ รีสอร์ท แอนด์ สปา กระบี่,รปศ,กระบี่
938.0,โรงแรม อมารี พัทยา,รปศ,โปรดค้นหา
939.0,โรงพยาบาลกระบี่นครินทร์ อินเตอร์เนชั่นแนล,รปศ,กระบี่
940.0,โรงพยาบาลกรุงเทพภูเก็ต,รปศ,ภูเก็ต
941.0,โรงพยาบาลกรุงเทพหาดใหญ่,รปศ,โปรดค้นหา
942.0,โรงพยาบาลจุฬารัตน์ 9 แอร์พอร์ต,รปศ,โปรดค้นหา
943.0,โรงพยาบาลวิรัชศิลป์,รปศ,โปรดค้นหา
944.0,โรงพยาบาลสุราษฎร์ธานี,รปศ,สุราษฎร์ธานี
945.0,กรมส่งเสริมการปกครองท้องถิ่น,รปศ,โปรดค้นหา
946.0,กองแผนงาน กรมที่ดิน,รปศ,โปรดค้นหา
947.0,ที่ทำการปกครองจังหวัดสุราษฎร์ธานี,รปศ,สุราษฎร์ธานี
948.0,ที่ว่าการปกครองอำเภอขนอม,รปศ,โปรดค้นหา
949.0,ที่ว่าการอำเภอเชียรใหญ่,รปศ,โปรดค้นหา
950.0,ที่ว่าการอำเภอนาบอน,รปศ,โปรดค้นหา
951.0,ที่ว่าการอำเภอสิงหนคร,รปศ,โปรดค้นหา
952.0,ธนาคารออมสิน สาขาทุ่งสง,รปศ,โปรดค้นหา
953.0,บริษัท โรบินสัน จำกัด (มหาชน) สาขาสุราษฎร์ธานี,รปศ,สุราษฎร์ธานี
954.0,บริษัท ซีอาร์ซี ไทวัสดุ จำกัด สาขาสุราษฎร์ธานี,รปศ,สุราษฎร์ธานี
955.0,บริษัท บ้านซูซูกิ จำกัด,รปศ,โปรดค้นหา
956.0,บริษัท รักษาความปลอดภัย ยืนยงสงขลา 99 จำกัด,รปศ,สงขลา
957.0,บริษัท หน่ำฮั่วรับเบอร์ จำกัด,รปศ,โปรดค้นหา
958.0,บริษัท อีโธส เอ็นเนอร์จี (ประเทศไทย) จำกัด,รปศ,โปรดค้นหา
959.0,สำนักงานเทศบาลเมืองชุมพร,รปศ,ชุมพร
960.0,สำนักงานเทศบาลเมืองทุ่งสง,รปศ,โปรดค้นหา
961.0,สำนักงานเทศบาลเมืองปากพนัง,รปศ,โปรดค้นหา
962.0,สำนักงานเทศบาลนครตรัง,รปศ,ตรัง
963.0,สำนักงานเทศบาลนครยะลา,รปศ,ยะลา
964.0,สำนักงานการท่องเที่ยวและกีฬาจังหวัดนครศรีธรรมราช,รปศ,นครศรีธรรมราช
965.0,สำนักงานจังหวัดตรัง,รปศ,ตรัง
966.0,สำนักงานประกันสังคมจังหวัดนครศรีธรรมราช,รปศ,นครศรีธรรมราช
967.0,สำนักงานปลัดกระทรวงยุติธรรม,รปศ,โปรดค้นหา
968.0,สำนักงานพัฒนาชุมชนจังหวัดสงขลา,รปศ,สงขลา
969.0,สำนักงานพัฒนาชุมชนอำเภอท่าศาลา,รปศ,โปรดค้นหา
970.0,สำนักงานพัฒนาชุมชนอำเภอพรหมคีรี,รปศ,โปรดค้นหา
971.0,สำนักงานพัฒนาสังคมและความมั่นคงของมนุษย์จังหวัดพังงา,รปศ,พังงา
972.0,สำนักงานส่งเสริมการปกครองท้องถิ่น จังหวัดนครศรีธรรมราช,รปศ,นครศรีธรรมราช
973.0,สำนักงานส่งเสริมการปกครองท้องถิ่นจังหวัดตรัง,รปศ,ตรัง
974.0,สำนักงานส่งเสริมการปกครองท้องถิ่นจังหวัดยะลา,รปศ,ยะลา
975.0,องค์การบริหารส่วนจังหวัดพังงา,รปศ,พังงา
976.0,สมาคมการจัดการงานบุคคลแห่งประเทศไทย,รปศ,โปรดค้นหา
977.0,โรงพยาบาลทักษิณ,รปศ,โปรดค้นหา
978.0,สำนักงานที่ดินจังหวัดนครศรีธรรมราช สาขาท่าศาลา,รปศ,นครศรีธรรมราช
979.0,สำนักงานศาลปกครองนครศรีธรรมราช,รปศ,นครศรีธรรมราช
980.0,ที่ทำการปกครองอำเภอหลังสวน,รปศ,โปรดค้นหา
981.0,องค์การบริหารส่วนตำบลท่าขึ้น,รปศ,โปรดค้นหา
982.0,ที่ว่าการอำเภอนบพิตำ,รปศ,โปรดค้นหา
983.0,ธนาคารอิสลามแห่งประเทศไทย,รปศ,โปรดค้นหา
984.0,ที่ว่าการอำเภอบางสะพาน,รปศ,โปรดค้นหา
985.0,ที่ว่าการอำเภอเมืองชุมพร,รปศ,ชุมพร
986.0,ที่ว่าการอำเภอบ้านนาสาร,รปศ,โปรดค้นหา
987.0,สำนักงานเทศบาลตำบลบ้านกรูด,รปศ,โปรดค้นหา
988.0,องค์การบริหารส่วนตำบลอินคีรี,รปศ,โปรดค้นหา
989.0,สำนักงานจังหวัดภูเก็ต,รปศ,ภูเก็ต
990.0,เทศบาลตำบลร่อนพิบูลย์,รปศ,โปรดค้นหา
991.0,สำนักงานจังหวัดสงขลา,รปศ,สงขลา
992.0,สำนักงานเทศบาลเมืองดอนสัก,รปศ,โปรดค้นหา
993.0,ที่ว่าการอำเภอเขาชัยสน จังหวัดพัทลุง,รปศ,พัทลุง
994.0,สถานีตำรวจภูธรเมืองภูเก็ต,รปศ,ภูเก็ต
995.0,องค์การบริหารส่วนจังหวัดชุมพร,รปศ,ชุมพร
996.0,องค์การบริหารส่วนตำบลไทยบุรี,รปศ,โปรดค้นหา
997.0,บริษัท อาฟเตอร์ ยู จำกัด (มหาชน),รปศ,โปรดค้นหา
998.0,บริษัท ยูนิวานิชน้ำมันปาล์ม จำกัด (มหาชน) สาขาอำเภออ่าวลึก,รปศ,โปรดค้นหา
999.0,โรงแรมฮอลิเดย์ อินน์ รีสอร์ท กระบี่,รปศ,กระบี่
1000.0,ที่ทำการปกครองอำเภอลานสกา,รปศ,โปรดค้นหา
1001.0,ด่านศุลกากรท่าอากาศยานหาดใหญ่,รปศ,โปรดค้นหา
1002.0,บริษัท ผลิตไฟฟ้าราชบุรี จำกัด,รปศ,ราชบุรี
1003.0,โรงพยาบาลกรุงเทพสุราษฎร์,รปศ,โปรดค้นหา
1004.0,โรงแรม สันติบุรี เกาะสมุย,รปศ,โปรดค้นหา
1005.0,สำนักงานคุมประพฤติจังหวัดนครศรีธรรมราช,รปศ,นครศรีธรรมราช
1006.0,องค์การบริหารส่วนตำบลหินตก,รปศ,โปรดค้นหา
1007.0,โรงแรม อโนน่า บีชฟรอนต์ ภูเก็ต รีสอร์ท,รปศ,ภูเก็ต
1008.0,โรงพยาบาลธนบุรี ทุ่งสง,รปศ,โปรดค้นหา
1009.0,สำนักงานปลัด องค์การบริหารส่วนจังหวัดนครศรีธรรมราช,รปศ,นครศรีธรรมราช
1010.0,สำนักงานจังหวัดสุราษฎร์ธานี,รปศ,สุราษฎร์ธานี
1011.0,สำนักงานพัฒนาชุมชนจังหวัดพังงา,รปศ,พังงา
1012.0,ที่ว่าการอำเภอจุฬาภรณ์,รปศ,โปรดค้นหา
1013.0,สำนักงานพัฒนาชุมชนจังหวัดสตูล,รปศ,สตูล
1014.0,สำนักงานป้องกันและบรรเทาสาธารณะภัยจังหวัดชุมพร,รปศ,ชุมพร
1015.0,ศูนย์มานุษยวิทยาสิริธร (องค์การมหาชน),รัฐศาสตร์(ปกครอง),โปรดค้นหา
1016.0,สำนักงานเทศบาลนครหาดใหญ่,รัฐศาสตร์(ปกครอง),โปรดค้นหา
1017.0,สำนักงานเทศบาลนครสงขลา,รัฐศาสตร์(ปกครอง),สงขลา
1018.0,สำนักงานเทศบาลนครนครศรีธรรมราช,รัฐศาสตร์(ปกครอง),นครศรีธรรมราช
1019.0,สำนักงานจังหวัดนครศรีธรรมราช,รัฐศาสตร์(ปกครอง),นครศรีธรรมราช
1020.0,สำนักงานเทศบาลนครเกาะสมุย,รัฐศาสตร์(ปกครอง),โปรดค้นหา
1021.0,สำนักงานเทศบาลนครสุราษฎร์ธานี,รัฐศาสตร์(ปกครอง),สุราษฎร์ธานี
1022.0,สถานกงลุสใหญ่ ณ เมืองโกตาบารู,รัฐศาสตร์(ปกครอง),โปรดค้นหา
1023.0,สำนักงานคณะกรรมการสิทธิมนุษยชนแห่งชาติ,รัฐศาสตร์(ปกครอง),โปรดค้นหา
1024.0,สถานกงลุสใหญ่ ณ เมืองปีนัง,รัฐศาสตร์(ปกครอง),โปรดค้นหา
1025.0,กรมเจรจาการค้าระหว่างประเทศ กระทรวงพาณิชย์,รัฐศาสตร์(ปกครอง),โปรดค้นหา
1026.0,บริษัท แมกเนคอมพ์ พรีซิชั่น เทคโนโลยี จำกัด (มหาชน),รัฐศาสตร์(ปกครอง),โปรดค้นหา
1027.0,ศูนย์อำนวยการบริหารจังหวัดชายแดนภาคใต้,รัฐศาสตร์(ปกครอง),โปรดค้นหา
1028.0,สำนักงานเทศบาลนครนนทบุรี,รัฐศาสตร์(ปกครอง),นนทบุรี
1029.0,สำนักงานสวัสดิการและคุ้มครองแรงงานจังหวัดสงขลา,รัฐศาสตร์(ปกครอง),สงขลา
1030.0,สำนักงานเทศบาลนครภูเก็ต,รัฐศาสตร์(ปกครอง),ภูเก็ต
1031.0,กรมการพัฒนาชุมชน,รัฐศาสตร์(ปกครอง),โปรดค้นหา
1032.0,ที่ว่าการอำเภอพระพรหม,รัฐศาสตร์(ปกครอง),โปรดค้นหา
1033.0,สถาบันพัฒนาบุคลากรท้องถิ่น,รัฐศาสตร์(ปกครอง),โปรดค้นหา
1034.0,สำนักงานคณะกรรมการการเลือกตั้งประจำจังหวัดนครศรีธรรมราช,รัฐศาสตร์(ปกครอง),นครศรีธรรมราช
1035.0,กรมส่งเสริมการค้าระหว่างประเทศ กระทรวงพาณิชย์,รัฐศาสตร์(ปกครอง),โปรดค้นหา
1036.0,สำนักงานเทศบาลตำบลท่าศาลา,รัฐศาสตร์(ปกครอง),โปรดค้นหา
1037.0,องค์การบริหารส่วนจังหวัดภูเก็ต,รัฐศาสตร์(ปกครอง),ภูเก็ต
1038.0,ที่ว่าการอำเภอท่าศาลา,รัฐศาสตร์(ปกครอง),โปรดค้นหา
1039.0,ที่ว่าการอำเภอสิชล,รัฐศาสตร์(ปกครอง),โปรดค้นหา
1040.0,สำนักงานพัฒนาสังคมและความมั่นคงของมนุษย์จังหวัดนครศรีธรรมราช,รัฐศาสตร์(ปกครอง),นครศรีธรรมราช
1041.0,สำนักงานคุมประพฤติจังหวัดสุราษฎร์ธานี,รัฐศาสตร์(ปกครอง),สุราษฎร์ธานี
1042.0,ที่ว่าการอำเภอเมืองสุราษฎร์ธานี,รัฐศาสตร์(ปกครอง),สุราษฎร์ธานี
1043.0,องค์การบริหารส่วนจังหวัดสงขลา,รัฐศาสตร์(ปกครอง),สงขลา
1044.0,ที่ว่าการอำเภอทุ่งสง,รัฐศาสตร์(ปกครอง),โปรดค้นหา
1045.0,องค์การบริหารส่วนจังหวัดปัตตานี,รัฐศาสตร์(ปกครอง),ปัตตานี
1046.0,องค์การบริหารส่วนตำบลท่าศาลา,รัฐศาสตร์(ปกครอง),โปรดค้นหา
1047.0,สำนักงานส่งเสริมการปกครองท้องถิ่นจังหวัดสงขลา,รัฐศาสตร์(ปกครอง),สงขลา
1048.0,ที่ว่าการอำเภอเมืองกระบี่,รัฐศาสตร์(ปกครอง),กระบี่
1049.0,ที่ว่าการอำเภอปลายพระยา,รัฐศาสตร์(ปกครอง),โปรดค้นหา
1050.0,ที่ว่าการอำเภอคีรีรัฐนิคม,รัฐศาสตร์(ปกครอง),โปรดค้นหา
1051.0,ที่ทำการปกครองจังหวัดภูเก็ต,รัฐศาสตร์(ปกครอง),ภูเก็ต
1052.0,ที่ทำการปกครองจังหวัดตรัง,รัฐศาสตร์(ปกครอง),ตรัง
1053.0,ที่ทำการปกครองจังหวัดนครศรีธรรมราช,รัฐศาสตร์(ปกครอง),นครศรีธรรมราช
1054.0,ที่ทำการปกครองจังหวัดชุมพร,รัฐศาสตร์(ปกครอง),ชุมพร
1055.0,ที่ว่าการปกครองอำเภอเมืองนครศรีธรรมราช,รัฐศาสตร์(ปกครอง),นครศรีธรรมราช
1056.0,ที่ทำการปกครองจังหวัดสงขลา,รัฐศาสตร์(ปกครอง),สงขลา
1057.0,ที่ทำการปกครองจังหวัดยะลา,รัฐศาสตร์(ปกครอง),ยะลา
1058.0,ศาลเยาวชนและครอบครัวจังหวัดภูเก็ต,รัฐศาสตร์(ปกครอง),ภูเก็ต
1059.0,ที่ทำการปกครองจังหวัดพังงา,รัฐศาสตร์(ปกครอง),พังงา
1060.0,ศูนย์ดำรงธรรมจังหวัดกระบี่,รัฐศาสตร์(ปกครอง),กระบี่
1061.0,องค์การบริหารส่วนจังหวัดระนอง,รัฐศาสตร์(ปกครอง),ระนอง
1062.0,สำนักงานส่งเสริมการปกครองท้องถิ่นอำเภอเมืองปัตตานี,รัฐศาสตร์(ปกครอง),ปัตตานี
1063.0,ที่ว่าการอำเภอชะอวด,รัฐศาสตร์(ปกครอง),โปรดค้นหา
1064.0,ที่ว่าการอำเภอปากพนัง,รัฐศาสตร์(ปกครอง),โปรดค้นหา
1065.0,ที่ว่าการอำเภอเมืองนราธิวาส,รัฐศาสตร์(ปกครอง),นราธิวาส
1066.0,ที่ว่าการอำเภอถลาง,รัฐศาสตร์(ปกครอง),โปรดค้นหา
1067.0,สำนักงานศาลปกครอง,รัฐศาสตร์(ปกครอง),โปรดค้นหา
1068.0,ที่ทำการปกครองอำเภอหาดใหญ่,รัฐศาสตร์(ปกครอง),โปรดค้นหา
1069.0,สำนักงานพัฒนาสังคมและความมั่นคงของมนุษย์ จังหวัดนนทบุรี,รัฐศาสตร์(ปกครอง),นนทบุรี
1070.0,สำนักงานศาลปกครองนครศรีธรรมราช,รัฐศาสตร์(ปกครอง),นครศรีธรรมราช
1071.0,สำนักงานพัฒนาชุมชนอำเภอเมืองนครศรีธรรมราช,รัฐศาสตร์(ปกครอง),นครศรีธรรมราช
1072.0,สำนักงานจังหวัดกระบี่,รัฐศาสตร์(ปกครอง),กระบี่
1073.0,สำนักงานส่งเสริมการปกครองท้องถิ่นจังหวัดภูเก็ต,รัฐศาสตร์(ปกครอง),ภูเก็ต
1074.0,สำนักงานจังหวัดนราธิวาส,รัฐศาสตร์(ปกครอง),นราธิวาส
1075.0,ที่ทำการปกครองจังหวัดสตูล,รัฐศาสตร์(ปกครอง),สตูล
1076.0,ที่ทำการปกครองจังหวัดสตูล,รัฐศาสตร์(ปกครอง),สตูล
1077.0,สำนักงานพัฒนาชุมชนจังหวัดสุราษฎร์ธานี,รัฐศาสตร์(ปกครอง),สุราษฎร์ธานี
1078.0,สำนักงานจังหวัดกระบี่,รัฐศาสตร์(ปกครอง),กระบี่
1079.0,สำนักงานส่งเสริมการปกครองท้องถิ่นจังหวัดภูเก็ต,รัฐศาสตร์(ปกครอง),ภูเก็ต
1080.0,สำนักงานส่งเสริมการปกครองท้องถิ่นจังหวัดภูเก็ต,รัฐศาสตร์(ปกครอง),ภูเก็ต
1081.0,สำนักงานพัฒนาชุมชนจังหวัดสุราษฎร์ธานี,รัฐศาสตร์(ปกครอง),สุราษฎร์ธานี
1082.0,สำนักงานพัฒนาชุมชนจังหวัดสุราษฎร์ธานี,รัฐศาสตร์(ปกครอง),สุราษฎร์ธานี
1083.0,สํานักงานที่ดินจังหวัดนครศรีธรรมราช,รัฐศาสตร์(ปกครอง),นครศรีธรรมราช
1084.0,โรงแรม เดอะ ซี เกาะสมุย รีสอร์ท แอนด์ เรสซิเดนซ์ บาย ทูลานี,รัฐศาสตร์(ปกครอง),โปรดค้นหา
1085.0,สำนักงานคุมประพฤติจังหวัดนครศรีธรรมราช สาขาทุ่งสง,รัฐศาสตร์(ปกครอง),นครศรีธรรมราช
1086.0,เรือนจำจังหวัดภูเก็ต,รัฐศาสตร์(ปกครอง),ภูเก็ต
1087.0,ที่ว่าการอำเภอหาดใหญ่,รัฐศาสตร์(ปกครอง),โปรดค้นหา
1088.0,ที่ว่าการอำเภอเมืองระนอง,รัฐศาสตร์(ปกครอง),ระนอง
1089.0,ที่ว่าการอำเภอเวียงสระ,รัฐศาสตร์(ปกครอง),โปรดค้นหา
1090.0,ที่ว่าการอำเภอดอนสัก,รัฐศาสตร์(ปกครอง),โปรดค้นหา
1091.0,Hanoi University,รัฐศาสตร์์(อาเซียน),โปรดค้นหา
1092.0,Museum Rudana,รัฐศาสตร์์(อาเซียน),โปรดค้นหา
1093.0,Universitas Negari Malang,รัฐศาสตร์์(อาเซียน),โปรดค้นหา
1094.0,Universitas Trunojoyo Madura,รัฐศาสตร์์(อาเซียน),โปรดค้นหา
1095.0,ด่านตรวจคนเข้าเมืองเบตง,รัฐศาสตร์์(อาเซียน),โปรดค้นหา
1096.0,บริษัท คิง เพาเวอร์ อินเตอร์เนชั่นแนล จำกัด สาขาท่าอากาศยานสุวรรณภูมิ,รัฐศาสตร์์(อาเซียน),โปรดค้นหา
1097.0,บริษัท ไทยแอร์เอเชีย จำกัด ท่าอากาศยานนานาชาติสุราษฎร์ธานี,รัฐศาสตร์์(อาเซียน),สุราษฎร์ธานี
1098.0,มูลนิธิกระจกเงา จังหวัดเชียงราย,รัฐศาสตร์์(อาเซียน),เชียงราย
1099.0,มูลนิธิสื่อเพื่อการศึกษาของชุมชน,รัฐศาสตร์์(อาเซียน),โปรดค้นหา
1100.0,โรงเรียนกัลยาณชนรังสรรค์มูลนิธิ มัสยิดบ้านเหนือ,รัฐศาสตร์์(อาเซียน),โปรดค้นหา
1101.0,โรงเรียนเมืองนครศรีธรรมราช,รัฐศาสตร์์(อาเซียน),นครศรีธรรมราช
1102.0,โรงแรม ไร่เลย์ เบย์ รีสอร์ท แอนด์ สปา,รัฐศาสตร์์(อาเซียน),เลย
1103.0,โรงแรมเกาะยาวใหญ่วิลเลจ,รัฐศาสตร์์(อาเซียน),โปรดค้นหา
1104.0,สถาบันเอเชียศึกษา จุฬาลงกรณ์มหาวิทยาลัย,รัฐศาสตร์์(อาเซียน),โปรดค้นหา
1105.0,สำนักงานการท่องเที่ยวเมืองบาตู,รัฐศาสตร์์(อาเซียน),โปรดค้นหา
1106.0,สำนักงานสวัสดิการและคุ้มครองแรงงานจังหวัดสงขลา สาขาหาดใหญ่,รัฐศาสตร์์(อาเซียน),สงขลา
1107.0,หลักสูตรอินโดนีเซีย-มาเลเซียศึกษาเพื่องานระหว่างประเทศ คณะมนุษยศาสตร์และสังคมศาสตร์ มหาวิทยาลัยราชภัฎสงขลา,รัฐศาสตร์์(อาเซียน),สงขลา
1108.0,Universitas Brawijaya,รัฐศาสตร์์(อาเซียน),โปรดค้นหา
1109.0,Universitas Negari Malang,รัฐศาสตร์์(อาเซียน),โปรดค้นหา
1110.0,ตรวจคนเข้าเมืองจังหวัดนครศรีธรรมราช,รัฐศาสตร์์(อาเซียน),นครศรีธรรมราช
1111.0,Universitas Brawijaya,รัฐศาสตร์์(อาเซียน),โปรดค้นหา
1112.0,ตรวจคนเข้าเมืองจังหวัดภูเก็ต,รัฐศาสตร์์(อาเซียน),ภูเก็ต
1113.0,บริษัท สยาม เอ็กซ์เพรส โลจิสติกส์ 2023 จำกัด,รัฐศาสตร์์(อาเซียน),โปรดค้นหา
1114.0,โรงแรมเกาะยาวใหญ่วิลเลจ,รัฐศาสตร์์(อาเซียน),โปรดค้นหา
1115.0,สถานกงสุลใหญ่ ณ นครเฉิงตู,รััฐศาสตร์(IR),โปรดค้นหา
1116.0,การท่องเที่ยวแห่งประเทศไทย สำนักงานสุราษฎร์ธานี,รััฐศาสตร์(IR),สุราษฎร์ธานี
1117.0,การท่องเที่ยวแห่งประเทศไทย,รััฐศาสตร์(IR),โปรดค้นหา
1118.0,สำนักงานพาณิชย์จังหวัดนครศรีธรรมราช กลุ่มกำกับดูแลและพัฒนาเศรษฐกิจการค้า,รััฐศาสตร์(IR),นครศรีธรรมราช
1119.0,การท่องเที่ยวแห่งประเทศไทย สำนักงานภูเก็ต,รััฐศาสตร์(IR),ภูเก็ต
1120.0,ศูนย์ส่งเสริมการส่งออกในภูมิภาค (สุราษฎร์ธานี),รััฐศาสตร์(IR),สุราษฎร์ธานี
1121.0,กระทรวงดิจิทัลเพื่อเศรษฐกิจและสังคม,รััฐศาสตร์(IR),โปรดค้นหา
1122.0,กระทรวงการต่างประเทศ,รััฐศาสตร์(IR),โปรดค้นหา
1123.0,สำนักงานศาลยุติธรรมประจำภาค 8,รััฐศาสตร์(IR),โปรดค้นหา
1124.0,ด่านศุลกากรระนอง,รััฐศาสตร์(IR),ระนอง
1125.0,กองการต่างประเทศ สำนักงานปลัดกระทรวงมหาดไทย,รััฐศาสตร์(IR),โปรดค้นหา
1126.0,สำนักงานพาณิชย์จังหวัดภูเก็ต,รััฐศาสตร์(IR),ภูเก็ต
1127.0,สำนักงานพาณิชย์จังหวัดสงขลา,รััฐศาสตร์(IR),สงขลา
1128.0,สำนักงานการท่องเที่ยวและกีฬาจังหวัดภูเก็ต,รััฐศาสตร์(IR),ภูเก็ต
1129.0,สำนักงานพัฒนาชุมชนอำเภอเมืองนครศรีธรรมราช,รััฐศาสตร์(IR),นครศรีธรรมราช
1130.0,สำนักงานแรงงานจังหวัดนครศรีธรรมราช,รััฐศาสตร์(IR),นครศรีธรรมราช
1131.0,สำนักงานสวัสดิการและคุ้มครองแรงงานจังหวัดสุราษฎร์ธานี,รััฐศาสตร์(IR),สุราษฎร์ธานี
1132.0,สำนักงานบังคับคดีจังหวัดพังงา,รััฐศาสตร์(IR),พังงา
1133.0,ศูนย์ดำรงธรรมจังหวัดนครศรีธรรมราช,รััฐศาสตร์(IR),นครศรีธรรมราช
1134.0,สำนักงานสวัสดิการและคุ้มครองแรงงานจังหวัดภูเก็ต,รััฐศาสตร์(IR),ภูเก็ต
1135.0,บริษัท ท่าอากาศยานไทย จำกัด (มหาชน) ท่าอากาศยานสุวรรณภูมิ,รััฐศาสตร์(IR),โปรดค้นหา
1136.0,เทศบาลตำบลนาบอน,รััฐศาสตร์(IR),โปรดค้นหา
1137.0,บริษัท ไทย ไลอ้อน เมนทารี จำกัด จังหวัดนครศรีธรรมราช,รััฐศาสตร์(IR),นครศรีธรรมราช
1138.0,ศูนย์วัฒนธรรมอาเซียน สำนักความสัมพันธ์ต่างประเทศ สำนักงานปลัดกระทรวงวัฒนธรรม,รััฐศาสตร์(IR),โปรดค้นหา
1139.0,ด่านศุลกากรสะเดา,รััฐศาสตร์(IR),โปรดค้นหา
1140.0,สถานกงสุลใหญ่อินเดีย จังหวัดเชียงใหม่,รััฐศาสตร์(IR),เชียงใหม่
1141.0,สํานักงานข้าหลวงใหญ่ผู้ลี้ภัยแห่งสหประชาชาติ,รััฐศาสตร์(IR),โปรดค้นหา
1142.0,ด่านตรวจคนเข้าเมือง ท่าอากาศยานสุวรรณภูมิ กองบังคับการตรวจคนเข้าเมือง 2,รััฐศาสตร์(IR),โปรดค้นหา
1143.0,กรมป่าไม้ (สำนักจัดการทรัพยากรป่าไม้ที่ 11 สุราษฎร์ธานี),รััฐศาสตร์(IR),สุราษฎร์ธานี
1144.0,ตรวจคนเข้าเมืองจังหวัดนครศรีธรรมราช,รััฐศาสตร์(IR),นครศรีธรรมราช
1145.0,บริษัท เลิฟ ไอแลนด์ จำกัด,รััฐศาสตร์(IR),โปรดค้นหา
1146.0,สำนักงานเทศบาลตำบลตันหยงมัส,รััฐศาสตร์(IR),โปรดค้นหา
1147.0,สำนักงานสรรพสามิตพื้นที่ตรัง,รััฐศาสตร์(IR),ตรัง
1148.0,สำนักการประชาสัมพันธ์ต่างประเทศ กรมประชาสัมพันธ์,รััฐศาสตร์(IR),โปรดค้นหา
1149.0,ศาลปกครองสงขลา,รััฐศาสตร์(IR),สงขลา
1150.0,สำนักงานสถิติจังหวัดสุราษฎร์ธานี,รััฐศาสตร์(IR),สุราษฎร์ธานี
1151.0,กองคุ้มครองและดูแลผลประโยชน์คนไทยในต่างประเทศ กระทรวงการต่างประเทศ,รััฐศาสตร์(IR),โปรดค้นหา
1152.0,สำนักงานสรรพสามิตพื้นที่นครศรีธรรมราช,รััฐศาสตร์(IR),นครศรีธรรมราช
1153.0,ด่านตรวจคนเข้าเมือง ท่าอากาศยานกรุงเทพ,รััฐศาสตร์(IR),โปรดค้นหา
1154.0,สำนักงานพาณิชย์จังหวัดเชียงใหม่,รััฐศาสตร์(IR),เชียงใหม่
1155.0,สำนักงานการค้าต่างประเทศ เขต 6 (เชียงราย) กรมการค้าต่างประเทศ กระทรวงพาณิชย์,รััฐศาสตร์(IR),เชียงราย
1156.0,มูลนิธินิมิตรประเทศไทย จังหวัดเชียงใหม่,รััฐศาสตร์(IR),เชียงใหม่
1157.0,สำนักงานจัดหางานจังหวัดสมุทรปราการ,รััฐศาสตร์(IR),สมุทรปราการ
1158.0,สำนักงานจัดหางานจังหวัดภูเก็ต,รััฐศาสตร์(IR),ภูเก็ต
1159.0,สำนักงานการท่องเที่ยวและกีฬาจังหวัดเชียงใหม่,รััฐศาสตร์(IR),เชียงใหม่
1160.0,ด่านศุลกากรนครศรีธรรมราช,รััฐศาสตร์(IR),นครศรีธรรมราช
1161.0,มูลนิธิรักษ์ไทย สำนักงานจังหวัดเชียงใหม่,รััฐศาสตร์(IR),เชียงใหม่
1162.0,มูลนิธิกระจกเงา สำนักงานฝาง จังหวัดเชียงใหม่,รััฐศาสตร์(IR),เชียงใหม่
1163.0,ด่านศุลกากรกระบี่,รััฐศาสตร์(IR),กระบี่
1164.0,ตรวจคนเข้าเมืองจังหวัดปัตตานี,รััฐศาสตร์(IR),ปัตตานี
1165.0,สำนักงานแรงงานจังหวัดเชียงราย,รััฐศาสตร์(IR),เชียงราย
1166.0,กรมการจัดหางาน กระทรวงแรงงาน,รััฐศาสตร์(IR),โปรดค้นหา
1167.0,สำนักงานยุติธรรมจังหวัดนครศรีธรรมราช,รััฐศาสตร์(IR),นครศรีธรรมราช
1168.0,สำนักงานสวัสดิการและคุ้มครองแรงงานจังหวัดปัตตานี,รััฐศาสตร์(IR),ปัตตานี
1169.0,เทศบาลตำบลท่าแพ,รััฐศาสตร์(IR),โปรดค้นหา
1170.0,สำนักงานแรงงานจังหวัดยะลา,รััฐศาสตร์(IR),ยะลา
1171.0,กรมการกงสุล กระทรวงการต่างประเทศ สำนักงานหนังสือเดินทางฯ จังหวัดนครศรีธรรมราช,รััฐศาสตร์(IR),นครศรีธรรมราช
1172.0,สำนักงานการท่องเที่ยวและกีฬาจังหวัดระนอง,รััฐศาสตร์(IR),ระนอง
1173.0,บริษัท ชิปป๊อป จำกัด,รััฐศาสตร์(IR),โปรดค้นหา
1174.0,สำนักบริหารพื้นที่อนุรักษ์ที่ 4,รััฐศาสตร์(IR),โปรดค้นหา
1175.0,สถานกงสุลอินโดนีเซียประจำจังหวัดสงขลา,รััฐศาสตร์(IR),สงขลา
1176.0,หอการค้าจังหวัดเชียงใหม่,รััฐศาสตร์(IR),เชียงใหม่
1177.0,ที่ทำการอำเภอปะเหลียน,รััฐศาสตร์(IR),โปรดค้นหา
1178.0,สถานเอกอัครราชทูต ณ กรุงสตอกโฮม,รััฐศาสตร์(IR),โปรดค้นหา
1179.0,สำนักงานปลัดกระทรวงพัฒนาสังคมและความมั่นคงของมนุษย์,รััฐศาสตร์(IR),โปรดค้นหา
1180.0,สำนักงานจัดหางานกรุงเทพมหานครพื้นที่ 10,รััฐศาสตร์(IR),กรุงเทพมหานคร
1181.0,สำนักงานเลขาธิการสภาผู้แทนราษฎร,รััฐศาสตร์(IR),โปรดค้นหา
1182.0,สถาบันการต่างประเทศเทวะวงศ์วโรปการ,รััฐศาสตร์(IR),โปรดค้นหา
1183.0,สถานเอกอัครราชทูตไทย ณ เวียงจันทร์,รััฐศาสตร์(IR),โปรดค้นหา
1184.0,กระทรวงการพัฒนาสังคมและความมั่นคงของมนุษย์,รััฐศาสตร์(IR),โปรดค้นหา
1185.0,กองการต่างประเทศ สำนักงานปลัดกระทรวงการพัฒนาสังคมและความมั่นคงของมนุษย์,รััฐศาสตร์(IR),โปรดค้นหา
1186.0,กรมการศาสนา กระทรวงวัฒนธรรม,รััฐศาสตร์(IR),โปรดค้นหา
1187.0,UNDP,รััฐศาสตร์(IR),โปรดค้นหา
1188.0,UNESCO,รััฐศาสตร์(IR),โปรดค้นหา
1189.0,กรมองค์การระหว่างประเทศ กระทรวงการต่างประเทศ,รััฐศาสตร์(IR),โปรดค้นหา
1190.0,ตรวจคนเข้าเมืองจังหวัดนราธิวาส,รััฐศาสตร์(IR),นราธิวาส
1307.0,Play Strong Performance Athletics,วิทย์กีฬา,โปรดค้นหา
1308.0,สโมสร ฟุตบอลชลบุรี เอฟซี,วิทย์กีฬา,ชลบุรี
1309.0,Fitness Lifestyle Hatyai,วิทย์กีฬา,โปรดค้นหา
1310.0,โรงแรมภูเล เบย์ อะริชคาร์ลตัน รีเซิร์ฟ,วิทย์กีฬา,โปรดค้นหา
1311.0,สโมรสรแบดมินตันบ้านทองหยอด,วิทย์กีฬา,โปรดค้นหา
1312.0,สมาคมกีฬาวอลเลย์บอลแห่งประเทศไทย,วิทย์กีฬา,เลย
1313.0,การกีฬาแห่งประเทศไทย,วิทย์กีฬา,โปรดค้นหา
1314.0,Jetts 24 Hour Fitness - The Fourth,วิทย์กีฬา,โปรดค้นหา
1315.0,Virgin Active Thailand (EmQuartier),วิทย์กีฬา,โปรดค้นหา
1316.0,Fitness Lifestyle Suratthani,วิทย์กีฬา,โปรดค้นหา
1317.0,ยักษ์ฟิตเนส สาขาสุขุมวิท 101/1,วิทย์กีฬา,โปรดค้นหา
1318.0,ฟิตดี พญาไท สเปซ,วิทย์กีฬา,โปรดค้นหา
1319.0,Fit - D Space Sukhumvit 39,วิทย์กีฬา,โปรดค้นหา
1320.0,สาขาเวชศาสตร์การกีฬา ภาควิชาศัลยศาสตร์ออร์โธปิดิคน์และกายภาพบำบัด คณะแพทยศาสตร์ศิริราชพยาบาล มหาวิทยาลัยมหิดล,วิทย์กีฬา,โปรดค้นหา
1321.0,Jetts Fitness Marketplace Dusit,วิทย์กีฬา,โปรดค้นหา
1322.0,ฟิตดี สเปซ รัชดา,วิทย์กีฬา,โปรดค้นหา
1323.0,Wolf Wellness & Training,วิทย์กีฬา,โปรดค้นหา
1324.0,สำนักงานการกีฬาแห่งประเทศไทย ภาค 3 จังหวัดนครราชสีมา,วิทย์กีฬา,นครราชสีมา
1325.0,โรงพยาบาลรามคำแหง,วิทย์กีฬา,โปรดค้นหา
1326.0,สโมสรฟุตบอลชัยนาท ฮอร์นบิล,วิทย์กีฬา,ชัยนาท
1327.0,ฟิต ฟอร์เอเวอร์ ฟิตเนส (สาขารังสิต),วิทย์กีฬา,โปรดค้นหา
1328.0,สมาคมบริดจ์แห่งประเทศไทย,วิทย์กีฬา,โปรดค้นหา
1329.0,สำนักงานการกีฬาแห่งประเทศไทย ภาค 4 จังหวัดสงขลา,วิทย์กีฬา,สงขลา
1330.0,Young Blood Club,วิทย์กีฬา,โปรดค้นหา
1331.0,IBiz Fitness Gym,วิทย์กีฬา,โปรดค้นหา
1332.0,The Balance Pilates,วิทย์กีฬา,โปรดค้นหา
1333.0,Get Well Fitness Krabi,วิทย์กีฬา,โปรดค้นหา
1334.0,สมาคมกีฬาจักรยานแห่งประเทศไทยในพระบรมราชูปถัมภ์,วิทย์กีฬา,โปรดค้นหา
1335.0,โรงเรียนกีฬาจังหวัดสุพรรณบุรี,วิทย์กีฬา,สุพรรณบุรี
1336.0,เวิร์คเอ้าท์ ฟิตเนส แอนด์ มวยไทย,วิทย์กีฬา,โปรดค้นหา
1337.0,บริษัท สโมสรฟุตบอล พีที ประจวบ เอฟซี จำกัด,วิทย์กีฬา,โปรดค้นหา
1338.0,ฟิต ฟอร์เอเวอร์ ฟิตเนส (สาขาพัฒนาการ),วิทย์กีฬา,โปรดค้นหา
1339.0,โรงพยาบาลสมิติเวช สุขุมวิท,วิทย์กีฬา,โปรดค้นหา
1340.0,บริษัท สยาม โอเชี่ยน เวิร์ล กรุงเทพ จำกัด,วิทย์ทะล,โปรดค้นหา
1341.0,ศูนย์วิจัยสมุทรศาสตร์ชายฝั่งและการเปลี่ยนแปลงสภาพภูมิอากาศ มหาวิทยาลัยสงขลานครินทร์,วิทย์ทะล,สงขลา
1342.0,โรงแรม ทราย พีพี ไอแลนด์ วิลเลจ,วิทย์ทะล,โปรดค้นหา
1343.0,บริษัท คอนซัลแทนท์ ออฟ เทคโนโลยี จำกัด,วิทย์ทะเล,โปรดค้นหา
1344.0,บริษัท เซาธเทิร์น แล็บ แอนด์ เอ็นจิเนียริ่ง จำกัด,วิทย์ทะเล,โปรดค้นหา
1345.0,บริษัท ยูไนเต็ด แอนนาลิสต์ แอนด์ เอ็นจิเนียริ่ง คอนซัลแตนท์ จำกัด,วิทย์ทะเล,โปรดค้นหา
1346.0,บริษัท อควาวอล์ค (ประเทศไทย) จำกัด,วิทย์ทะเล,โปรดค้นหา
1347.0,ศูนย์ปฏิบัติการอุทยานแห่งชาติทางทะเลที่ 3 จังหวัดตรัง,วิทย์ทะเล,ตรัง
1348.0,ศูนย์พัฒนาการประมงแห่งเอเชียตะวันออกเฉียงใต้,วิทย์ทะเล,โปรดค้นหา
1349.0,ศูนย์วิจัยทรัพยากรทางทะเลและชายฝั่งทะเลอันดามันตอนบน,วิทย์ทะเล,โปรดค้นหา
1350.0,ศูนย์วิจัยทรัพยากรทางทะเลและชายฝั่งทะเลอันดามันตอนล่าง,วิทย์ทะเล,โปรดค้นหา
1351.0,ศูนย์วิจัยทรัพยากรทางทะเลและชายฝั่งอ่าวไทยตอนกลาง,วิทย์ทะเล,โปรดค้นหา
1352.0,ศูนย์วิจัยทรัพยากรทางทะเลและชายฝั่งอ่าวไทยตอนบน,วิทย์ทะเล,โปรดค้นหา
1353.0,ศูนย์วิจัยทรัพยากรทางทะเลและชายฝั่งอ่าวไทยตอนล่าง,วิทย์ทะเล,โปรดค้นหา
1354.0,ศูนย์วิจัยและพัฒนาทรัพยากรทางทะเลและชายฝั่งทะเลอันดามัน,วิทย์ทะเล,โปรดค้นหา
1355.0,ศูนย์วิจัยและพัฒนาทรัพยากรทางทะเลและชายฝั่งอ่าวไทยตอนกลาง,วิทย์ทะเล,โปรดค้นหา
1356.0,ศูนย์วิจัยและพัฒนาทรัพยากรทางทะเลและชายฝั่งอ่าวไทยตอนล่าง,วิทย์ทะเล,โปรดค้นหา
1357.0,ศูนย์วิจัยและพัฒนาทรัพยากรทางทะเลและชายฝั่งอ่าวไทยฝั่งตะวันออก,วิทย์ทะเล,โปรดค้นหา
1358.0,ศูนย์วิจัยและพัฒนาประมงชายฝั่งตรัง,วิทย์ทะเล,ตรัง
1359.0,ศูนย์วิจัยและพัฒนาประมงทะเลสงขลา,วิทย์ทะเล,สงขลา
1360.0,ศูนย์วิจัยและพัฒนาประมงทะเลอ่าวไทยตอนล่าง,วิทย์ทะเล,โปรดค้นหา
1361.0,ศูนย์วิจัยและพัฒนาพันธุกรรมสัตว์น้ำ จังหวัดนครศรีธรรมราช,วิทย์ทะเล,นครศรีธรรมราช
1362.0,ศูนย์อนุรักษ์ทรัพยากรทางทะเลและชายฝั่งที่ 1 ( จ.ระยอง),วิทย์ทะเล,ระยอง
1363.0,ศูนย์อนุรักษ์ทรัพยากรทางทะเลและชายฝั่งที่ 5 (จ.ภูเก็ต),วิทย์ทะเล,ภูเก็ต
1364.0,สถานวิจัยสารสนเทศภูมิศาสตร์ ทรัพยากรธรรมชาติและสิ่งแวดล้อม มหาวิทยาลัยสงขลานครินทร์,วิทย์ทะเล,สงขลา
1365.0,สถาบันวิจัยทรัพยากรทางน้ำ จุฬาลงกรณ์มหาวิทยาลัย,วิทย์ทะเล,โปรดค้นหา
1366.0,สถาบันวิจัยสภาวะแวดล้อม จุฬาลงกรณ์มหาวิทยาลัย,วิทย์ทะเล,โปรดค้นหา
1367.0,สถาบันวิทยาศาสตร์ทางทะเล มหาวิทยาลัยบูรพา,วิทย์ทะเล,โปรดค้นหา
1368.0,ส่วนแหล่งน้ำทะเล สำนักจัดการคุณภาพน้ำ กรมควบคุมมลพิษ,วิทย์ทะเล,โปรดค้นหา
1369.0,สำนักงานทรัพยากรทางทะเลและชายฝั่งที่ 7,วิทย์ทะเล,โปรดค้นหา
1370.0,สำนักงานพัฒนาเทคโนโลยีอวกาศและภูมิสารสนเทศ (องค์การมหาชน),วิทย์ทะเล,โปรดค้นหา
1371.0,อุทยานแห่งชาติหมู่เกาะเภตรา,วิทย์ทะเล,โปรดค้นหา
1372.0,ภาควิชาวิทยาศาสตร์ทางทะเล คณะวิทยาศาสตร์ จุฬาลงกรณ์มหาวิทยาลัย,วิทย์ทะเล,โปรดค้นหา
1373.0,มูลนิธิเอ็นไลฟ,วิทย์ทะเล,โปรดค้นหา
1374.0,ศูนย์วิจัยและพัฒนาประมงทะเลชุมพร,วิทย์ทะเล,ชุมพร
1375.0,อุทยานแห่งชาติอ่าวพังงา,วิทย์ทะเล,พังงา
1657.0,บริษัท โซนี่ เทคโนโลยี ประเทศไทย จำกัด สำนักงานใหญ่,วิศวะกรรมเครืองกล,โปรดค้นหา
1658.0,บริษัท เบลตัน อินดัสเตรียล (ประเทศไทย) จำกัด,วิศวะกรรมเครืองกล,โปรดค้นหา
1659.0,บริษัท ฟลอยด์ จำกัด (มหาชน),วิศวะกรรมเครืองกล,โปรดค้นหา
1660.0,บริษัท อุตสาหกรรมการบิน จำกัด,วิศวะกรรมเครืองกล,โปรดค้นหา
1661.0,บริษัท แคเรียร์ (ประเทศไทย) จำกัด,วิศวะกรรมเครืองกล,โปรดค้นหา
1662.0,บริษัท ซีเนียร์ แอโรสเปซ (ไทยแลนด์) จำกัด,วิศวะกรรมเครืองกล,โปรดค้นหา
1663.0,Belton Industrial Thailand Ltd.,วิศวะกรรมเครืองกล,โปรดค้นหา
1664.0,บริษัท เบลตัน อินดัสเตรียล (ประเทศไทย) จำกัด จังหวัดพระนครศรีอยุธยา,วิศวะกรรมเครืองกล,พระนครศรีอยุธยา
1710.0,ส่วนอาคารสถานที่ มหาวิทยาลัยวลัยลักษณ์,สถาปัตย์,โปรดค้นหา
1711.0,บริษัท อีโค่ อาร์คิเทค จำกัด (สาขาภูเก็ต),สถาปัตย์,ภูเก็ต
1712.0,บริษัท ทริพเพิลทู ดีไซน์ สตูดิโอ จำกัด,สถาปัตย์,โปรดค้นหา
1713.0,บริษัท วอลลูม แมททริกส์ สตูดิโอ จำกัด,สถาปัตย์,โปรดค้นหา
1714.0,บริษัท รูฟดีไซน์ แอนด์ แมเนจเม้นท์ จำกัด,สถาปัตย์,โปรดค้นหา
1715.0,บริษัท ไฮโปธีสีส จำกัด,สถาปัตย์,โปรดค้นหา
1716.0,บริษัท อาซาว่า อาร์คิเทค จำกัด,สถาปัตย์,โปรดค้นหา
1717.0,ห้างหุ้นส่วนจำกัด โฮมเบส คอนสตรัคชั่น,สถาปัตย์,โปรดค้นหา
1718.0,บริษัท เอสเอ็ม.ทีเอช คอนสตรักชั่น จำกัด (สถาปนิกมุสลิมเพื่อชุมชน),สถาปัตย์,โปรดค้นหา
1719.0,บริษัท นัมเบอร์ทเวลฟท จำกัด,สถาปัตย์,โปรดค้นหา
1720.0,บริษัท สตูดิโอ มิติ จำกัด,สถาปัตย์,โปรดค้นหา
1721.0,บริษัท เอส.โอ.เอส อาร์คิเทคส์ จำกัด,สถาปัตย์,โปรดค้นหา
1722.0,บริษัท สารมาศ ดีเวลลอปเม้นท์ จำกัด,สถาปัตย์,โปรดค้นหา
1723.0,บริษัท วีอาร์คอนซัลแตนท์ แอนด์ เซอร์วิส จำกัด,สถาปัตย์,โปรดค้นหา
1724.0,บริษัท 9ดี สถาปนิก จำกัด,สถาปัตย์,โปรดค้นหา
1725.0,บริษัท เอ็มสเปซ จำกัด,สถาปัตย์,โปรดค้นหา
1726.0,บริษัท สถาปนิก 49 (ภูเก็ต) จำกัด,สถาปัตย์,ภูเก็ต
1727.0,บริษัท ไอ วิว ดีไซต์ สตูดิโอ จำกัด,สถาปัตย์,โปรดค้นหา
1728.0,ห้างหุ้นส่วนจำกัด ฟอร์แปลนกรุ๊ป,สถาปัตย์,โปรดค้นหา
1729.0,บริษัท ทรัพย์เปอร์ จำกัด,สถาปัตย์,โปรดค้นหา
1730.0,ห้างหุ้นส่วนกระบี่สถาปัตย์,สถาปัตย์,กระบี่
1731.0,บริษัท แพลนนิ่ง แอนด์ แม๊ปปิ้ง คอนเซาแทนต์ จำกัด,สถาปัตย์,โปรดค้นหา
1732.0,บริษัท วอลลาเซีย จำกัด,สถาปัตย์,โปรดค้นหา
1733.0,บริษัท อีโค่ อาร์คิเทค จำกัด (สาขากรุงเทพ),สถาปัตย์,โปรดค้นหา
1734.0,บริษัท จูน เซคิโน อาร์ดิเทคต์ แอนด์ ดีไซน์ จำกัด,สถาปัตย์,โปรดค้นหา
1735.0,บริษัท พอ สถาปัตย์ จำกัด,สถาปัตย์,โปรดค้นหา
1736.0,บริษัท การันตี สุดโปรด จำกัด,สถาปัตย์,โปรดค้นหา
1737.0,บริษัท เออาร์คิเทค จำกัด,สถาปัตย์,โปรดค้นหา
1738.0,บริษัท โมโนเทลโล จำกัด,สถาปัตย์,โปรดค้นหา
1739.0,"บริษัท สถาปนิกชุมชนและสิ่งแวดล้อม อาศรมศิลป์ จำกัด
",สถาปัตย์,โปรดค้นหา
1740.0,บริษัท น็อสทอลเจีย ดีไซน์,สถาปัตย์,โปรดค้นหา
1741.0,บริษัท เวสสุ คอลลาบอเรชั่น จำกัด,สถาปัตย์,โปรดค้นหา
1742.0,บริษัท ออราเคิลอาคิเทค จำกัด,สถาปัตย์,โปรดค้นหา
1743.0,บริษัท กรีนบ๊อกซ์ ดีไซน์ จำกัด,สถาปัตย์,โปรดค้นหา
1744.0,บริษัท พี.เอ็ม. ดีไซน์ จำกัด,สถาปัตย์,โปรดค้นหา
1745.0,บริษัท สถาปนิก วิน วรวรรณ จำกัด,สถาปัตย์,โปรดค้นหา
1746.0,บริษัท เอสเอสดับเบิลยู แอนด์ แอสโซซิเอทส์ จำกัด,สถาปัตย์,โปรดค้นหา
1747.0,บริษัท เฌอเมคเกอร์ สตูดิโอ จำกัด,สถาปัตย์,โปรดค้นหา
1748.0,บริษัท แวสแล็บ จำกัด,สถาปัตย์,โปรดค้นหา
1749.0,บริษัท สตูดิโอ อาร์คิเทค อรรถสิทธิ์ ศรีขุนทด จำกัด,สถาปัตย์,โปรดค้นหา
1750.0,บริษัท สถาปนิก 49 จำกัด,สถาปัตย์,โปรดค้นหา
1751.0,บริษัท กอปรฝัน จำกัด,สถาปัตย์,โปรดค้นหา
1752.0,บริษัท จั่นอาร์คิเทค จำกัด,สถาปัตย์,โปรดค้นหา
1753.0,บริษัท พศ.สถาปนิก จำกัด,สถาปัตย์,โปรดค้นหา
1754.0,บริษัท สเปซพลัส อาร์คิเทค จำกัด,สถาปัตย์,โปรดค้นหา
1755.0,บริษัท นีโอ สตูดิโอ ดีไซน์ แอนด์ ดีเวลลอปเม้นท์ จำกัด,สถาปัตย์,โปรดค้นหา
1756.0,บริษัท พัชระ อรณิชา สถาปัตย์ จำกัด,สถาปัตย์,โปรดค้นหา
1757.0,บริษัท สถาปนิกพอดี จำกัด,สถาปัตย์,โปรดค้นหา
1758.0,บริษัท สถาปนิก ไอดิน จำกัด,สถาปัตย์,โปรดค้นหา
1759.0,บริษัท อีโค่ อาร์คิเทค จำกัด (สาขาภูเก็ต),สถาปัตย์,ภูเก็ต
1760.0,บริษัท ทริพเพิลทู ดีไซน์ สตูดิโอ จำกัด,สถาปัตย์,โปรดค้นหา
1761.0,บริษัท วอลลูม แมททริกส์ สตูดิโอ จำกัด,สถาปัตย์,โปรดค้นหา
1762.0,บริษัท รูฟดีไซน์ แอนด์ แมเนจเม้นท์ จำกัด,สถาปัตย์,โปรดค้นหา
1763.0,บริษัท ไฮโปธีสีส จำกัด,สถาปัตย์,โปรดค้นหา
1764.0,บริษัท อาซาว่า อาร์คิเทค จำกัด,สถาปัตย์,โปรดค้นหา
1765.0,ห้างหุ้นส่วนจำกัด โฮมเบส คอนสตรัคชั่น,สถาปัตย์,โปรดค้นหา
1766.0,บริษัท เอสเอ็ม.ทีเอช คอนสตรักชั่น จำกัด (สถาปนิกมุสลิมเพื่อชุมชน),สถาปัตย์,โปรดค้นหา
1767.0,บริษัท นัมเบอร์ทเวลฟท จำกัด,สถาปัตย์,โปรดค้นหา
1768.0,บริษัท สตูดิโอ มิติ จำกัด,สถาปัตย์,โปรดค้นหา
1769.0,บริษัท เอส.โอ.เอส อาร์คิเทคส์ จำกัด,สถาปัตย์,โปรดค้นหา
1770.0,บริษัท สารมาศ ดีเวลลอปเม้นท์ จำกัด,สถาปัตย์,โปรดค้นหา
1771.0,บริษัท วีอาร์คอนซัลแตนท์ แอนด์ เซอร์วิส จำกัด,สถาปัตย์,โปรดค้นหา
1772.0,บริษัท อันดามัน แอสเซท โซลูชั่น จำกัด,สถาปัตย์,โปรดค้นหา
1773.0,บริษัท นูเซ็น จำกัด,สถาปัตย์,โปรดค้นหา
1774.0,บริษัท 9ดี สถาปนิก จำกัด,สถาปัตย์,โปรดค้นหา
1775.0,บริษัท เอ็มสเปซ จำกัด,สถาปัตย์,โปรดค้นหา
1776.0,บริษัท สถาปนิก 49 (ภูเก็ต) จำกัด,สถาปัตย์,ภูเก็ต
1777.0,บริษัท ไอ วิว ดีไซต์ สตูดิโอ จำกัด,สถาปัตย์,โปรดค้นหา
1778.0,ห้างหุ้นส่วนจำกัด ฟอร์แปลนกรุ๊ป,สถาปัตย์,โปรดค้นหา
1779.0,บริษัท ทรัพย์เปอร์ จำกัด,สถาปัตย์,โปรดค้นหา
1780.0,ห้างหุ้นส่วนกระบี่สถาปัตย์,สถาปัตย์,กระบี่
1781.0,บริษัท แพลนนิ่ง แอนด์ แม๊ปปิ้ง คอนเซาแทนต์ จำกัด,สถาปัตย์,โปรดค้นหา
1782.0,บริษัท วอลลาเซีย จำกัด,สถาปัตย์,โปรดค้นหา
1783.0,บริษัท อีโค่ อาร์คิเทค จำกัด (สาขากรุงเทพ),สถาปัตย์,โปรดค้นหา
1784.0,บริษัท จูน เซคิโน อาร์ดิเทคต์ แอนด์ ดีไซน์ จำกัด,สถาปัตย์,โปรดค้นหา
1785.0,บริษัท พอ สถาปัตย์ จำกัด,สถาปัตย์,โปรดค้นหา
1786.0,บริษัท การันตี สุดโปรด จำกัด,สถาปัตย์,โปรดค้นหา
1787.0,บริษัท เออาร์คิเทค จำกัด,สถาปัตย์,โปรดค้นหา
1788.0,บริษัท โมโนเทลโล จำกัด,สถาปัตย์,โปรดค้นหา
1789.0,บริษัท สถาปนิกชุมชนและสิ่งแวดล้อม อาศรมศิลป์ จำกัด,สถาปัตย์,โปรดค้นหา
1790.0,บริษัท น็อสทอลเจีย ดีไซน์,สถาปัตย์,โปรดค้นหา
1791.0,บริษัท เวสสุ คอลลาบอเรชั่น จำกัด,สถาปัตย์,โปรดค้นหา
2074.0,DigilifeThailand,DCM,โปรดค้นหา
2075.0,"Hunter New England, Armidale Rural Referral Hospital",DCM,โปรดค้นหา
2076.0,Metadee Concept Hotel,DCM,โปรดค้นหา
2077.0,Rudy Technology,DCM,โปรดค้นหา
2078.0,The Library of Universiti Malaysia Perlis,DCM,โปรดค้นหา
2079.0,Total Fire Stopping PTY LTD,DCM,โปรดค้นหา
2080.0,กรมการท่องเที่ยว,DCM,โปรดค้นหา
2081.0,จีทีสตูดิโอ,DCM,โปรดค้นหา
2082.0,ไซเบอร์-เฮาส์ชิ่งดอทคอม บจก.,DCM,โปรดค้นหา
2083.0,บริษัท กราฟโฟ้ ดีไซน์ จำกัด,DCM,โปรดค้นหา
2084.0,บริษัท คาเมเลี่ยน โปรดักชั่น จำกัด,DCM,โปรดค้นหา
2085.0,บริษัท คิสรา จำกัด,DCM,โปรดค้นหา
2086.0,บริษัท จีบีวาย ดิจิทัล เทค จำกัด,DCM,โปรดค้นหา
2087.0,บริษัท จีเอ็มเอ็ม แกรมมี่ จำกัด (มหาชน),DCM,โปรดค้นหา
2088.0,บริษัท ซิซซา กรุ๊ป จำกัด จังหวัดภูเก็ต,DCM,ภูเก็ต
2089.0,บริษัท เซ็นทรัลเทรดดิ้ง จำกัด,DCM,โปรดค้นหา
2090.0,บริษัท เซเว่นทีน สตูดิโอ จำกัด,DCM,โปรดค้นหา
2091.0,บริษัท ดรีมเบส อินเตอร์แอ็คทีฟ จำกัด,DCM,โปรดค้นหา
2092.0,บริษัท ดีเอ็นเอ เมคเกอร์ จำกัด,DCM,โปรดค้นหา
2093.0,บริษัท เดอะ รีโคฟเวอรี่ แอดไวเซอร์ จำกัด,DCM,โปรดค้นหา
2094.0,บริษัท ไทย ออนไลน์ มีเดีย จำกัด,DCM,โปรดค้นหา
2095.0,บริษัท ไทยเบฟเวอเรจโลจิสติกส์ จำกัด,DCM,โปรดค้นหา
2096.0,บริษัท ธิงค์แลบ เท็คโนโลยี จำกัด,DCM,โปรดค้นหา
2097.0,บริษัท เนชั่น บรอดแคสติ้ง คอร์ปอเรชั่น จำกัด,DCM,โปรดค้นหา
2098.0,บริษัท เน็ตดีไซน์ ซอฟท์ จำกัด,DCM,โปรดค้นหา
2099.0,บริษัท เน็ตดีไซน์ โฮสต์ จำกัด,DCM,โปรดค้นหา
2100.0,บริษัท บียอนด์ กราฟิคส์ จำกัด,DCM,โปรดค้นหา
2101.0,บริษัท พระนครซอฟท์ จำกัด,DCM,โปรดค้นหา
2102.0,บริษัท พีไฟว์ โปรดักชั่น จำกัด,DCM,โปรดค้นหา
2103.0,บริษัท ไฟนอลพีช จำกัด,DCM,โปรดค้นหา
2104.0,บริษัท ภูเก็ตโซลูชั่น จำกัด,DCM,ภูเก็ต
2105.0,บริษัท แม็กซิมั่ม เด็บ จำกัด,DCM,โปรดค้นหา
2106.0,บริษัท เยส เว็บ ดีไซต์ สตูดิโอ จำกัด,DCM,โปรดค้นหา
2107.0,บริษัท เยส เว็บ ดีไซน์ สตูดิโอ จำกัด,DCM,โปรดค้นหา
2108.0,บริษัท เยสเซอร์บอส จำกัด,DCM,โปรดค้นหา
2109.0,บริษัท วัชรพล จำกัด (หนังสือพิมพ์ไทยรัฐ),DCM,โปรดค้นหา
2110.0,บริษัท วันลิ้งค์ เทคโนโลยี จำกัด,DCM,โปรดค้นหา
2111.0,บริษัท อสมท จำกัด (มหาชน),DCM,โปรดค้นหา
2112.0,บริษัท อินเตอร์เนต บิซิเนส เน็ตเวอค จำกัด,DCM,โปรดค้นหา
2113.0,บริษัท เอ็มบ็อกซ์ มัลติมีเดีย จำกัด,DCM,โปรดค้นหา
2114.0,บริษัท เอไอแมน จำกัด,DCM,โปรดค้นหา
2115.0,บริษัท ไอโซเลชั่น ดีเวลลอป จำกัด,DCM,โปรดค้นหา
2116.0,บริษัท แฮชบีเอ็กซ์ โกลบอล จำกัด (บริษัท โวลซ์ เอนเนอร์จี จำกัด),DCM,โปรดค้นหา
2117.0,บริษัท โฮมมาร์ท ช.โลหะกิจ จำกัด,DCM,โปรดค้นหา
2118.0,มิวเซียมภูเก็ต,DCM,ภูเก็ต
2119.0,โย่ว ภูเก็ต,DCM,ภูเก็ต
2120.0,โรงพยาบาลวัฒนแพทย์ อ่าวนาง,DCM,โปรดค้นหา
2121.0,โรงแรมเลอ เมอริเดียน เชียงราย รีสอร์ท,DCM,เชียงราย
2122.0,ศูนย์ความเป็นเลิศด้านนวัตกรรมสารสนเทศ สำนักวิชาสารสนเทศศาสตร์ มหาวิทยาลัยวลัยลักษณ์,DCM,โปรดค้นหา
2123.0,ศูนย์ส่งเสริมวัฒนธรรมและการกีฬา มหาวิทยาลัยวลัยลักษณ์,DCM,โปรดค้นหา
2124.0,สถานีวิทยุกระจายเสียงแห่งประเทศไทยอำเภอทุ่งสง จังหวัดนครศรีธรรมราช,DCM,นครศรีธรรมราช
2125.0,สถานีวิทยุโทรทัศน์แห่งประเทศไทย จ.สุราษฎร์ธานี (ช่อง 11),DCM,สุราษฎร์ธานี
2126.0,สถาบันวิจัยดาราศาสตร์แห่งชาติ (องค์การมหาชน),DCM,โปรดค้นหา
2127.0,สโมสร บีจี ปทุม ยูไนเต็ด,DCM,โปรดค้นหา
2128.0,สโมสรฟุตบอลนครศรียูไนเต็ด,DCM,โปรดค้นหา
2129.0,ส่วนส่งเสริมและพัฒนานักศึกษา มหาวิทยาลัยวลัยลักษณ์,DCM,โปรดค้นหา
2130.0,สำนักการเรียนรู้ตลอดชีวิตพระจอมเกล้าเจ้าคุณทหารลาดกระบัง,DCM,โปรดค้นหา
2131.0,สำนักงานประชาสัมพันธ์จังหวัดสุราษฎร์ธานี,DCM,สุราษฎร์ธานี
2132.0,สำนักทรัพยากรการเรียนรู้คุณหญิงหลง อรรถกระวีสุนทร มหาวิทยาลัยสงขลานครินทร์,DCM,สงขลา
2133.0,สำนักหอสมุด มหาวิทยาลัยขอนแก่น,DCM,ขอนแก่น
2134.0,หอสมุดแห่งชาติเฉลิมพระเกียรติ สมเด็จพระนางเจ้าสิริกิติ์ พระบรมราชินีนาถ ตรัง,DCM,ตรัง
2135.0,อุทยานการเรียนรู้เมืองนครศรีธรรมราช,DCM,นครศรีธรรมราช
2136.0,อุุทยานสวนพฤกศาสตร์ มหาวิทยาลัยวลัยลักษณ์,DCM,โปรดค้นหา
2137.0,จีทีสตูดิโอ ภูเก็ต,DCM,ภูเก็ต
2138.0,บริษัท คลาวด์นายน์ เวิลด์วายด์ จำกัด (สำนักงานใหญ่),DCM,โปรดค้นหา
2139.0,บริษัท ซิงค์ สเตชั่น 59 จำกัด,DCM,โปรดค้นหา
2140.0,บริษัท บัซซี่บีส์ จำกัด (Mediabuzz),DCM,โปรดค้นหา
2141.0,บริษัท มาสเตอร์ แอดไวส์เซอร์ จำกัด,DCM,โปรดค้นหา
2142.0,บริษัท วีอาร์ทวินส์ จำกัด,DCM,โปรดค้นหา
2143.0,บริษัท อินเตอร์เนชั่นแนล คอนเน็คเทรด จำกัด,DCM,โปรดค้นหา
2144.0,โรงแรมรอยัล ภูเก็ต ซิตี้,DCM,ภูเก็ต
2145.0,สถานีวิทยุกระจายเสียงแห่งประเทศไทย จังหวัดภูเก็ต,DCM,ภูเก็ต
2146.0,สถานีวิทยุโทรศัพท์แห่งประเทศไทยจังหวัดสงขลา,DCM,สงขลา
2147.0,สภาวิชาชีพบัญชีในพระบรมราชูปถัมถ์,DCM,โปรดค้นหา
2148.0,สำนักหอสมุด มหาวิทยาลัยเทคโนโลยีพระจอมเกล้าธนบุรี,DCM,โปรดค้นหา
2149.0,สำนักหอสมุด มหาวิทยาลัยแม่โจ้,DCM,โปรดค้นหา
2150.0,อุทยานการเรียนรู้นครหาดใหญ่,DCM,โปรดค้นหา
2151.0,อุทยานการเรียนรู้สุราษฎร์ธานี,DCM,สุราษฎร์ธานี
2152.0,บริษัท กรุงเทพประกันชีวิต จํากัด (มหาชน) สาขานครศรีธรรมราช,DCM,นครศรีธรรมราช
2153.0,บริษัท เอฟเอ็มเอฟ จำกัด,DCM,โปรดค้นหา
2154.0,บริษัท เอสเคที ฮอลิเดย์ จำกัด,DCM,โปรดค้นหา
2155.0,บริษัท ปูนซิเมนต์ไทย จำกัด (มหาชน),DCM,โปรดค้นหา
2156.0,บริษัท เบญจจินดา โฮลดิ้ง จำกัด,DCM,โปรดค้นหา
2157.0,บริษัท วิสต้า มาร์เกตติ๊ง (ไทยแลนด์) จำกัด,DCM,โปรดค้นหา
2158.0,บริษัท ใจรัก กรุ๊ป จำกัด,DCM,โปรดค้นหา
2159.0,โรงแรม ฮอลิเดย์ อินน์ รีสอร์ท สมุย บ่อผุด,DCM,โปรดค้นหา
2160.0,สหกรณ์ออมทรัพย์กรมชลประทาน จำกัด,DCM,โปรดค้นหา
2161.0,บริษัท คิวบิก กรุ๊ป จำกัด,DCM,โปรดค้นหา
2162.0,บริษัท เคฟแมน พรอพเพอร์ตี้ จำกัด,DCM,โปรดค้นหา
2163.0,บริษัท คอฟแมน อินเตอร์เนชั่นแนล จำกัด,DCM,โปรดค้นหา
2164.0,บริษัท ไฮเปอร์ แล็บ จำกัด,DCM,โปรดค้นหา
2165.0,บริษัท แซ่บหลาย โปรดักชั่น จำกัด,DCM,โปรดค้นหา
2166.0,บริษัท ยืนเดี่ยว จำกัด,DCM,โปรดค้นหา
2167.0,สถานีวิทยุกระจายเสียงแห่งประเทศไทย จังหวัดนครศรีธรรมราช,DCM,นครศรีธรรมราช
2168.0,สำนักหอสมุด มหาวิทยาลัยเกษตรศาสตร์,DCM,โปรดค้นหา
2169.0,หน่วยนวัตกรรมเพื่อผู้บริโภคด้านผลิตภัณฑ์ สังกัดคณะเภสัชศาสตร์,DCM,โปรดค้นหา
2170.0,สำนักงานปลัด กระทรวงดิจิทัลเพื่อเศรษฐกิจและสังคม,DCM,โปรดค้นหา
2171.0,กรมชลประทาน,DCM,โปรดค้นหา
2172.0,หอสมุดและคลังความรู้ มหาวิทยาลัยมหิดล,DCM,โปรดค้นหา
2173.0,หอจดหมายเหตุพุทธทาส อินทปัญโญ,DCM,โปรดค้นหา
2174.0,โรงแรมธรรมรินทร์ ธนา,DCM,โปรดค้นหา
2175.0,โรงแรม ฮอลิเดย์ สไตล์ อ่าวนาง บีช รีสอร์ท กระบี่,DCM,กระบี่
2176.0,ซัมเมอร์คลินิก ภูเก็ต,DCM,ภูเก็ต
2177.0,ศูนย์สหกิจศึกษาและพัฒนาอาชีพ มหาวิทยาลัยวลัยลักษณ์,DCM,โปรดค้นหา
2178.0,หน่วยนวัตกรรมเพื่อผู้บริโภคด้านผลิตภัณฑ์สุขภาพ คณะเภสัชศาสตร์ มหาวิทยาลัยสงขลานครินทร์,DCM,สงขลา
2179.0,หอจดหมายเหตุแห่งชาติเฉลิมพระเกียรติสมเด็จพระนางเจ้าสิริกิติ์ พระบรมราชินีนาถ จังหวัดสงขลา,DCM,สงขลา
2180.0,หอสมุดกลาง มหาวิทยาลัยหอการค้าไทย,DCM,โปรดค้นหา
2181.0,สำนักหอสมุดกลาง มหาวิทยาลัยศรีนครินทรวิโรฒ,DCM,โปรดค้นหา
2182.0,สำนักหอสมุด มหาวิทยาลัยทักษิณ วิทยาเขตสงขลา,DCM,สงขลา
2183.0,ห้องสมุดมหาวิทยาลัยสงขลานครินทร์ วิทยาเขตตรัง,DCM,ตรัง
2184.0,บริษัท ซิมโฟนี มิวสิค ช้อป จำกัด,DCM,โปรดค้นหา
2185.0,บริษัท ท๊อป โปรเฟสชั่นแนล แอนด์ ดีเวลลอปเมนต์ จำกัด,DCM,โปรดค้นหา
2186.0,บริษัท ยิหวา ฮอลิเดย์ จำกัด,DCM,โปรดค้นหา
2187.0,บริษัท ห้องปฏิบัติการกลาง (ประเทศไทย) จำกัด สาขาสงขลา,Food Sci,สงขลา
2188.0,บริษัท เอ็นเอสแอล ฟู้ดส์ จํากัด,Food Sci,โปรดค้นหา
2189.0,บริษัท ฉั่วฮะเส็ง ฟู้ดโปรดักส์ จํากัด,Food Sci,โปรดค้นหา
2190.0,บริษัท โตโย ไซกัน (ประเทศไทย) จำกัด,Food Sci,โปรดค้นหา
2191.0,บริษัท ผลิตภัณฑ์อาหารเชฟช้อย (สาขา1),Food Sci,โปรดค้นหา
2192.0,บริษัท โฟร์ ฟูดส์ จำกัด,Food Sci,โปรดค้นหา
2193.0,สถาบันค้นคว้าและพัฒนาผลิตผลทางการเกษตรและอุตสาหกรรมเกษตร,Food Sci,โปรดค้นหา
2194.0,สถาบันอาหาร National food Institute ,Food Sci,โปรดค้นหา
2195.0,บริษัท ชุมพรอุตสาหกรรมน้ำมันปาล์ม จำกัด (มหาชน),Food Sci,ชุมพร
2196.0,ศูนย์การแพทย์มหาวิทยาลัยวลัยลักษณ์,Food Sci,โปรดค้นหา
2197.0,โรงพยาบาลองค์การบริหารส่วนจังหวัดภูเก็ต,Food Sci,ภูเก็ต
2198.0,บริษัท ผลิตภัณฑ์อาหารกว้างไพศาล จำกัด (มหาชน),Food Sci,โปรดค้นหา
2199.0,บริษัท สุราษฎร์ธานีเบเวอเรช จำกัด,Food Sci,สุราษฎร์ธานี
2200.0,กองบริหารทรัพยากรบุคคล สำนักงานปลัดกระทรวงสาธารณสุข,IMI,โปรดค้นหา
2201.0,โรงพยาบาลธรรมศาสตร์เฉลิมพระเกียรติ,IMI,โปรดค้นหา
2202.0,โรงพยาบาลธัญบุรี,IMI,โปรดค้นหา
2203.0,โรงพยาบาลบางปะกอก 9 อินเตอร์เนชั่นแนล,IMI,โปรดค้นหา
2204.0,โรงพยาบาลบ้านตาขุน,IMI,โปรดค้นหา
2205.0,โรงพยาบาลพญาไท พหลโยธิน,IMI,โปรดค้นหา
2206.0,โรงพยาบาลพระนั่งเกล้า,IMI,โปรดค้นหา
2207.0,โรงพยาบาลพัทลุง,IMI,พัทลุง
2208.0,โรงพยาบาลยันฮี,IMI,โปรดค้นหา
2209.0,โรงพยาบาลโรคผิวหนังเขตร้อนภาคใต้ จังหวัดตรัง กรมการแพทย์,IMI,ตรัง
2210.0,โรงพยาบาลลานสกา,IMI,โปรดค้นหา
2211.0,โรงพยาบาลวัฒนแพทย์ จังหวัดตรัง,IMI,ตรัง
2212.0,โรงพยาบาลศิริราช ปิยมหาราชการุณย์,IMI,โปรดค้นหา
2213.0,โรงพยาบาลสงขลา ศูนย์คอมพิวเตอร์,IMI,สงขลา
2214.0,โรงพยาบาลสตูล,IMI,สตูล
2215.0,โรงพยาบาลหาดใหญ่,IMI,โปรดค้นหา
2216.0,ศูนย์ความเป็นเลิศด้านสารสนเทศทางสุขภาพเพื่อชุมชน มหาวิทยาลัยเชียงใหม่,IMI,เชียงใหม่
2217.0,สำนักงานสาธารณสุขจังหวัดสตูล,IMI,สตูล
2218.0,ห้องปฏิบัติการเชื่อมต่อสมองกับคอมพิวเตอร์ คณะวิศวกรรมชีวการแพทย์ มหาวิทยาลัยมหิดล,IMI,โปรดค้นหา
2219.0,บริษัท กรีนไลน์ ซินเนอร์จี้ จำกัด,IMI,โปรดค้นหา
2220.0,โรงพยาบาลสมิติเวช สาขาศรีนครินทร์,IMI,โปรดค้นหา
2221.0,"Ever Medical Technology Co., Ltd.",IMI,โปรดค้นหา
2222.0,โรงพยาบาลนครพิงค์,IMI,โปรดค้นหา
2223.0,บริษัท แอนิเมทเต็ด สตอรี่บอร์ด (ประเทศไทย) จำกัด,MTA,โปรดค้นหา
2224.0,บริษัท ดีบัซส์ จำกัด,MTA,โปรดค้นหา
2225.0,บริษัท ยานนิกซ์ (ไทยแลนด์) จํากัด,MTA,โปรดค้นหา
2226.0,True Axion Games,MTA,โปรดค้นหา
2227.0,บริษัท กันตนา แอนนิเมชั่น สตูดิโอ จำกัด,MTA,โปรดค้นหา
2228.0,"Yggdrazil Group Co., Ltd.",MTA,โปรดค้นหา
2229.0,บริษัท เดอะมั้งค์ สตูดิโอ จำกัด,MTA,โปรดค้นหา
2230.0,บริษัท อินเด็กซ์ ครีเอทีฟ วิลเลจ จำกัด (มหาชน),MTA,โปรดค้นหา
2231.0,บริษัท อิเมจิแมกซ์ จำกัด,MTA,โปรดค้นหา
2232.0,บริษัท แอนิเลเฟ่น สตูดิโอ จำกัด,MTA,โปรดค้นหา
2233.0,นานามิ แอนิเมชั่น,MTA,โปรดค้นหา
2234.0,บริษัท ทัช อะ โมเม้นท์ จำกัด,MTA,โปรดค้นหา
2235.0,บริษัท เมนสตรีม จำกัด,MTA,โปรดค้นหา
2236.0,บริษัท มีเดีย สตูดิโอ จำกัด,MTA,โปรดค้นหา
2237.0,ห้างหุ้นส่วนจำกัด วี เวดดิ้ง แพลนเนอร์ แอนด์ โฟโต้กราฟ,MTA,โปรดค้นหา
2238.0,บริษัท จีเอสดี กราฟฟิก โซลูชั่น ดิจิตอล จำกัด,MTA,โปรดค้นหา
2239.0,สมาคมสื่อชุมชนภาคใต้ จังหวัดนครศรีธรรมราช,MTA,นครศรีธรรมราช
2240.0,บริษัท เกมสแควร์ อินเตอร์แอคทีฟ จำกัด,MTA,โปรดค้นหา
2241.0,บริษัท คิงฮาร์ตแอดเวอร์ไทซิ่ง จำกัด,MTA,โปรดค้นหา
2242.0,บริษัท เมเจอร์ซีนีเพล็กซ์ กรุ๊ป จำกัด (มหาชน),MTA,โปรดค้นหา
2243.0,บริษัท ทักซิโด้แคท สตูดิโอ จำกัด,MTA,โปรดค้นหา
2244.0,บริษัท บิท เอ๊ก จำกัด,MTA,โปรดค้นหา
2245.0,บริษัท โปรแกรมมิ่ง จำกัด,MTA,โปรดค้นหา
2246.0,บริษัท ฟาร์มคิธ ดิจิเมชั่น จำกัด,MTA,โปรดค้นหา
2247.0,บริษัท เมนสแตนด์ ครีเอเตอร์ (ประเทศไทย) จำกัด (สำนักงานใหญ่),MTA,โปรดค้นหา
2248.0,บริษัท อีส โปรดักส์ชั่น สตูดิโอ จำกัด,MTA,โปรดค้นหา
2249.0,ห้างหุ้นส่วน ดิน แอนิเมชั่น สตูดิโอ,MTA,โปรดค้นหา
2250.0,อินเตอร์บูสเตอร์,MTA,โปรดค้นหา
2251.0,โรงเรียนทุ่งสง,MTA,โปรดค้นหา
2252.0,บริษัท พลาสตีก จำกัด,MTA,โปรดค้นหา
2253.0,บริษัท แฟทแคท จำกัด,MTA,โปรดค้นหา
2254.0,บริษัท แวริซอฟท์ จำกัด,MTA,โปรดค้นหา
2255.0,บริษัท ซีแอลเอ็กซ์ ไทย จำกัด,MTA,โปรดค้นหา
2256.0,บริษัท โบเฮเมีย อินเตอร์แร็คทีฟ จำกัด,MTA,โปรดค้นหา
2257.0,ห้างหุ้นส่วนจำกัด เอ็นจอยบุ็ค,MTA,โปรดค้นหา
2258.0,บริษัท อาร์ต คอมโบ สตูดิโอ จำกัด,MTA,โปรดค้นหา
2259.0,Baccom - UK Accommodation Service - บริการหาที่พักที่อักกฤษแบบครบวงจร,MTA,โปรดค้นหา
2260.0,บริษัท จีเอพี เทรดดิ้ง จำกัด,MTA,โปรดค้นหา
2261.0,บริษัท แชทสติ๊ค จำกัด,MTA,โปรดค้นหา
2262.0,บริษัท ไซ สตูดิโอ จำกัด,MTA,โปรดค้นหา
2263.0,บริษัท พาวเวอร์ กาชา จำกัด,MTA,โปรดค้นหา
2264.0,บริษัท ดิ วิชวล กรุงเทพ จำกัด,MTA,โปรดค้นหา
2265.0,บริษัท ทีละเฟรม สตูดิโอ จำกัด,MTA,โปรดค้นหา
2266.0,บริษัท บอทแอนด์ไลฟ์ จํากัด,MTA,โปรดค้นหา
2267.0,บริษัท ไซเทคเอเชีย โซลูชั่น จำกัด,MTA,โปรดค้นหา
2268.0,Programme Chairperson Department of Communication,MTA,โปรดค้นหา
2269.0,ศูนย์บริการการศึกษา มหาวิทยาลัยวลัยลักษณ์,MTA,โปรดค้นหา
2270.0,วิทยาลัยเทคนิคสุราษฎร์ธานี,MTA,สุราษฎร์ธานี
2271.0,บริษัท เฟลิโคะ สตูดิโอ จำกัด,MTA,โปรดค้นหา
2272.0,บริษัท อิ๊กลู สตูดิโอ จำกัด,MTA,โปรดค้นหา
2273.0,บริษัท เอ ดรีม สตูดิโอ จำกัด,MTA,โปรดค้นหา
2274.0,สำนักการศึกษาและนวัตกรรมการเรียนรู้ มหาวิทยาลัยสงขลานครินทร์ วิทยาเขตหาดใหญ่,MTA,สงขลา
2275.0,"บริษัท ซีเมด เมดิคอล จำกัด (CMED Medical Co., Ltd.)",MTA,โปรดค้นหา
2276.0,บริษัท ซีแอลเอ็กซ์ ไทย จำกัด สาขากรุงเทพมหานคร,MTA,กรุงเทพมหานคร
2277.0,บริษัท โทรคมนาคมแห่งชาติ จำกัด (มหาชน) จังหวัดยะลา,MTA,ยะลา
2278.0,บริษัท แบรนด์ธิงค์ จำกัด,MTA,โปรดค้นหา
2279.0,บริษัท ยานนิกซ์ จํากัด,MTA,โปรดค้นหา
2280.0,บริษัท เรเนเกด ฟิล์ม จำกัด (เทพลีลา),MTA,โปรดค้นหา
2281.0,บริษัท โลละห้า จำกัด,MTA,โปรดค้นหา
2282.0,มูลนิธิซีจีเอ็นทีวีไทย,MTA,โปรดค้นหา
2283.0,ศาลแขวงทุ่งสง,MTA,โปรดค้นหา
2284.0,บริษัท สถาพรบุ๊คส์ จำกัด,MTA,โปรดค้นหา
2285.0,บริษัท โกปี๊ 2001 จำกัด,MTA,โปรดค้นหา
2286.0,ศาลแขวงทุ่งสง,MTA,โปรดค้นหา
2287.0,บริษัท โทรคมนาคมแห่งชาติ จำกัด (มหาชน),MTA,โปรดค้นหา
2288.0,บริษัท วิธิตา แอนิเมชั่น จำกัด,MTA,โปรดค้นหา
2289.0,บริษัท เรเนเกด ฟิล์ม จำกัด,MTA,โปรดค้นหา
2290.0,บริษัท บัซซี่บีส์ จำกัด,MTA,โปรดค้นหา
2291.0,บริษัท ยานนิกซ์ จํากัด,MTA,โปรดค้นหา
2292.0,องค์การกระจายเสียงและแพร่ภาพสาธารณะแห่งประเทศไทย ศูนย์ภูมิภาคหาดใหญ่,MTA,แพร่
2293.0,บริษัท วายวีอาร์ จำกัด,MTA,โปรดค้นหา
2294.0,บริษัท อธิยา แอดเวอร์ไทซิ่ง แอนด์ พริ้นติ้ง จำกัด,MTA,โปรดค้นหา
2295.0,บริษัท อีสท์อินโนเวชั่น จำกัด,MTA,โปรดค้นหา
2296.0,บริษัท เอสอาร์พี อี-เอ็นเนอร์ยี่ จำกัด,MTA,โปรดค้นหา
2297.0,สหกรณ์สุราษฎร์ธานี จำกัด,MTA,สุราษฎร์ธานี
2298.0,Nakhon Art Space,MTA,โปรดค้นหา
2299.0,บริษัท เซ็นเตอร์พ้อยท์ เอ็นเตอร์เทนเม้นท์ จำกัด,MTA,โปรดค้นหา
2300.0,บริษัท บอร์น ทูบี ภูเก็ตเถียน จำกัด,MTA,ภูเก็ต
2301.0,บริษัท บิ๊กเบรน สตูดิโอ จำกัด,MTA,โปรดค้นหา
2302.0,บริษัท วินเนสต์ บางกอก เฮลท์แคร์ จำกัด,MTA,โปรดค้นหา
2303.0,บริษัท โกปี๊ 2001 จำกัด สาขาเซ็นทารา,MTA,โปรดค้นหา
2304.0,บริษัท ฮัลโหล ภูเก็ต เซอร์วิส จำกัด,MTA,ภูเก็ต
2305.0,บริษัท โทมิ เทค 24 จำกัด,MTA,โปรดค้นหา
2306.0,บริษัท อินไซด์ โปรดักชั่นเฮาส์ จำกัด,MTA,โปรดค้นหา
2307.0,ที่ว่าการปกครองอำเภอบางขัน,รปศ,โปรดค้นหา
,,,
,,,
,,,
,,,
,,,
,,,
,,,
,,,
,,,
,,,
,,,
,,,
,,,
,,,
,,,
,,,
,,,
,,,
,,,
,,,
,,,
,,,
,,,
,,,
,,,
,,,
,,,
,,,
,,,
,,,
,,,
,,,
,,,
,,,
,,,
,,,
,,,
,,,
,,,
,,,
,,,
,,,
,,,
,,,
,,,
,,,
,,,
,,,
,,,
,,,
,,,
,,,
,,,
,,,
,,,
,,,
,,,
,,,
,,,
,,,
,,,
,,,
,,,
,,,
,,,
,,,
,,,
,,,
,,,
,,,
,,,
,,,
,,,
,,,
,,,
,,,
,,,
,,,
,,,
,,,
,,,
,,,
,,,
,,,
,,,
,,,
,,,
,,,
,,,
,,,
,,,
,,,
,,,
,,,
,,,
,,,
,,,
,,,
,,,
,,,
,,,
,,,
,,,
,,,
,,,
,,,
,,,
,,,
,,,
,,,
,,,
,,,
,,,
,,,
,,,
,,,
,,,
,,,
,,,
,,,
,,,
,,,
,,,
,,,
,,,
,,,
,,,
,,,
,,,
,,,
,,,
,,,
,,,
,,,
,,,
,,,
,,,
,,,
,,,
,,,
,,,
,,,
,,,
,,,
,,,
,,,
,,,
,,,
,,,
,,,
,,,
,,,
,,,
,,,
,,,
,,,
,,,
,,,
,,,
,,,
,,,
,,,
,,,
,,,
,,,
,,,
,,,
,,,
,,,
,,,
,,,
,,,
,,,
,,,
,,,
,,,
,,,
,,,
,,,
,,,
,,,
,,,
,,,
,,,
,,,
,,,
,,,
,,,
,,,
,,,
,,,
,,,
,,,
,,,
,,,
,,,
,,,
,,,
,,,
,,,
,,,
,,,
,,,
,,,
,,,
,,,
,,,
,,,
,,,
,,,
,,,
,,,
,,,
,,,
,,,
,,,
,,,
,,,
,,,
,,,
,,,
,,,
,,,
,,,
,,,
,,,
,,,
,,,
,,,
,,,
,,,
,,,
,,,
,,,
,,,
,,,
,,,
,,,
,,,
,,,
,,,
,,,
,,,
,,,
,,,
,,,
,,,
,,,
,,,
,,,
,,,
,,,
,,,
,,,
,,,
,,,
,,,
,,,
,,,
,,,
,,,
,,,
,,,
,,,
,,,
,,,
,,,
,,,
,,,
,,,
,,,
,,,
,,,
,,,
,,,
,,,
,,,
,,,
,,,
,,,
,,,
,,,
,,,
,,,
,,,
,,,
,,,
,,,
,,,
,,,
,,,
,,,
,,,
,,,
,,,
,,,
,,,
,,,
,,,
,,,
,,,
,,,
,,,
,,,
,,,
,,,
,,,
,,,
,,,
,,,
,,,
,,,
,,,
,,,
,,,
,,,
,,,
,,,
,,,
,,,
,,,
,,,
,,,
,,,
,,,
,,,
,,,
,,,
,,,
,,,
,,,
,,,
,,,
,,,
,,,
,,,
,,,
,,,
,,,
,,,
,,,
,,,
,,,
,,,
,,,
,,,
,,,
,,,
,,,
,,,
,,,
,,,
,,,
,,,
,,,
,,,
,,,
,,,
,,,
,,,
,,,
,,,
,,,
,,,
,,,
,,,
,,,
,,,
,,,
,,,
,,,
,,,
,,,
,,,
,,,
,,,
,,,
,,,
,,,
,,,
,,,
,,,
,,,
,,,
,,,
,,,
,,,
,,,
,,,
,,,
,,,
,,,
,,,
,,,
,,,
,,,
,,,
,,,
,,,
,,,
,,,
,,,
,,,
,,,
,,,
,,,
,,,
,,,
,,,
,,,
,,,
,,,
,,,
,,,
,,,
,,,
,,,
,,,
,,,
,,,
,,,
,,,
,,,
,,,
,,,
,,,
,,,
,,,
,,,
,,,
,,,
,,,
,,,
,,,
,,,
,,,
,,,
,,,
,,,
,,,
,,,
,,,
,,,
,,,
,,,
,,,
,,,
,,,
,,,
,,,
,,,
,,,
,,,
,,,
,,,
,,,
,,,
,,,
,,,
,,,
,,,
,,,
,,,
,,,
,,,
,,,
,,,
,,,
,,,
,,,
,,,
,,,
,,,
,,,
,,,
,,,
,,,
,,,
,,,
,,,
,,,
,,,
,,,
,,,
,,,
,,,
,,,
,,,
,,,
,,,
,,,
,,,
,,,
,,,
,,,
,,,
,,,
,,,
,,,
,,,
,,,
,,,
,,,
,,,
,,,
,,,
,,,
,,,
,,,
,,,
,,,
,,,
,,,
,,,
,,,
,,,
,,,
,,,
,,,
,,,
,,,
,,,
,,,
,,,
,,,
,,,
,,,
,,,
,,,
,,,
,,,
,,,
,,,
,,,
,,,
,,,
,,,
,,,
,,,
,,,
,,,
,,,
,,,
,,,
,,,
,,,
,,,
,,,
,,,
,,,
,,,
,,,
,,,
,,,
,,,
,,,
,,,
,,,
,,,
,,,
,,,
,,,
,,,
,,,
,,,
,,,
,,,
,,,
,,,
,,,
,,,
,,,
,,,
,,,
,,,
,,,
,,,
,,,
,,,
,,,
,,,
,,,
,,,
,,,
,,,
,,,
,,,
,,,
,,,
,,,
,,,
,,,
,,,
,,,
,,,
,,,
,,,
,,,
,,,
,,,
,,,
,,,
,,,
,,,
,,,
,,,
,,,
,,,
,,,
,,,
,,,
,,,
,,,
,,,
,,,
,,,
,,,
,,,
,,,
,,,
,,,
,,,
,,,
,,,
,,,
,,,
,,,
,,,
,,,
,,,
,,,
,,,
,,,
,,,
,,,
,,,
,,,
,,,
,,,
,,,
,,,
,,,
,,,
,,,
,,,
,,,
,,,
,,,
,,,
,,,
,,,
,,,
,,,
,,,
,,,
,,,
,,,
,,,
,,,
,,,
,,,
,,,
,,,
,,,
,,,
,,,
,,,
,,,
,,,
,,,
,,,
,,,
,,,
,,,
,,,
,,,
,,,
,,,
,,,
,,,
,,,
,,,
,,,
,,,
,,,
,,,
,,,
,,,
,,,
,,,
,,,
,,,
,,,
,,,
,,,
,,,
,,,
,,,
,,,
,,,
,,,
,,,
,,,
,,,
,,,
,,,
,,,
,,,
,,,
,,,
,,,
,,,
,,,
,,,
,,,
,,,
,,,
,,,
,,,
,,,
,,,
,,,
,,,
,,,
,,,
,,,
,,,
,,,
,,,
,,,
,,,
,,,
,,,
,,,
,,,
,,,
,,,
,,,
,,,
,,,
,,,
,,,
,,,
,,,
,,,
,,,
,,,
,,,
,,,
,,,
,,,
,,,
,,,
,,,
,,,
,,,
,,,
,,,
,,,
,,,
,,,
,,,
,,,
,,,
,,,
,,,
,,,
,,,
,,,
,,,
,,,
,,,
,,,
,,,
,,,
,,,
,,,
,,,
,,,
,,,
,,,
,,,
,,,
,,,
,,,
,,,
,,,
,,,
,,,
,,,
,,,
,,,
,,,
,,,
,,,
,,,
,,,
,,,
,,,
,,,
,,,
,,,
,,,
,,,
,,,
,,,
,,,
,,,
,,,
,,,
,,,
,,,
,,,
,,,
,,,
,,,
,,,
,,,
,,,
,,,
,,,
,,,
,,,
,,,
,,,
,,,
,,,
,,,
,,,
,,,
,,,
,,,
,,,
,,,
,,,
,,,
,,,
,,,
,,,
,,,
,,,
,,,
,,,
,,,
,,,
,,,
,,,
,,,
,,,
,,,
,,,
,,,
,,,
,,,
,,,
,,,
,,,
,,,
,,,
,,,
,,,
,,,
,,,
,,,
,,,
,,,
,,,
,,,
,,,
,,,
,,,
,,,
,,,
,,,
,,,
,,,
,,,
,,,
,,,
,,,
,,,
,,,
,,,
,,,
,,,
,,,
,,,
,,,
,,,
,,,
,,,
,,,
,,,
,,,
,,,
,,,
,,,
,,,
,,,
,,,
,,,
,,,
,,,
,,,
,,,
,,,
,,,
,,,
,,,
,,,
,,,
,,,
,,,
,,,
,,,
,,,
,,,
,,,
,,,
,,,
,,,
,,,
,,,
,,,
,,,
,,,
,,,
,,,
,,,
,,,
,,,
,,,
,,,
,,,
,,,
,,,
,,,
,,,
,,,
,,,
,,,
,,,
,,,
,,,
,,,
,,,
,,,
,,,
,,,
,,,
,,,
,,,
,,,
,,,
,,,
,,,
,,,
,,,
,,,
,,,
,,,
,,,
,,,
,,,
,,,
,,,
,,,
,,,
,,,
,,,
,,,
,,,
,,,
,,,
,,,
,,,
,,,
,,,
,,,
,,,
,,,
,,,
,,,
,,,
,,,
,,,
,,,
,,,
,,,
,,,
,,,
,,,
,,,
,,,
,,,
,,,
,,,
,,,
,,,
,,,
,,,
,,,
,,,
,,,
,,,
,,,
,,,
,,,
,,,
,,,
,,,
,,,
,,,
,,,
,,,
,,,
,,,
,,,
,,,
,,,
,,,
,,,
,,,
,,,
,,,
,,,
,,,
,,,
,,,
,,,
,,,
,,,
,,,
,,,
,,,
,,,
,,,
,,,
,,,
,,,
,,,
,,,
,,,
,,,
,,,
,,,
,,,
,,,
,,,
,,,
,,,
,,,
,,,
,,,
,,,
,,,
,,,
,,,
,,,
,,,
,,,
,,,
,,,
,,,
,,,
,,,
,,,
,,,
,,,
,,,
,,,
,,,
,,,
,,,
,,,
,,,
,,,
,,,
,,,
,,,
,,,
,,,
,,,
,,,
,,,
,,,
,,,
,,,
,,,
,,,
,,,
,,,
,,,
,,,
,,,
,,,
,,,
,,,
,,,
,,,
,,,
,,,
,,,
,,,
,,,
,,,
,,,
,,,
,,,
,,,
,,,
,,,
,,,
,,,
,,,
,,,
,,,
,,,
,,,
,,,
,,,
,,,
,,,
,,,
,,,
,,,
,,,
,,,
,,,
,,,
,,,
,,,
,,,
,,,
,,,
,,,
,,,
,,,
,,,
,,,
,,,
,,,
,,,
,,,
,,,
,,,
,,,
,,,
,,,
,,,
,,,
,,,
,,,
,,,
,,,
,,,
,,,
,,,
,,,
,,,
,,,
,,,
,,,
,,,
,,,
,,,
,,,
,,,
,,,
,,,
,,,
,,,
,,,
,,,
,,,
,,,
,,,
,,,
,,,
,,,
,,,
,,,
,,,
,,,
,,,
,,,
,,,
,,,
,,,
,,,
,,,
,,,
,,,
,,,
,,,
,,,
,,,
,,,
,,,
,,,
,,,
,,,
,,,
,,,
,,,
,,,
,,,
,,,
,,,
,,,
,,,
,,,
,,,
,,,
,,,
,,,
,,,
,,,
,,,
,,,
,,,
,,,
,,,
,,,
,,,
,,,
,,,
,,,
,,,
,,,
,,,
,,,
,,,
,,,
,,,
,,,
,,,
,,,
,,,
,,,
,,,
,,,
,,,
,,,
,,,
,,,
,,,
,,,
,,,
,,,
,,,
,,,
,,,
,,,
,,,
,,,
,,,
,,,
,,,
,,,
,,,
,,,
,,,
,,,
,,,
,,,
,,,
,,,
,,,
,,,
,,,
,,,
,,,
,,,
,,,
,,,
,,,
,,,
,,,
,,,
,,,
,,,
,,,
,,,
,,,
,,,
,,,
,,,
,,,
,,,
,,,
,,,
,,,
,,,#ERROR!
